comment,labeling
나는 스윙스가 부럽다ㅠㅠ,1
좋네요. 실력있는 배우들이 잘 되는 모습~!,1
아 아직 이런 답답한 드라마가...,1
이새끼 대가리는 비었음,0
김제동 같은 못배운 중졸 새기야 광화문 집회나 참석해 못배운 새기,0
1년 남았다 우성아 ᆢ 너 쌍판떼기 보는날도,0
OOO같은남자놈이 마누라가 그만할때 그만하지. 발정난OOO마냥. 마누라한테. 눈속임하면서. 거짓말하고.연기하면서. !!!쪽팔지않냐? 아무리아랫도리가 뻐긋해도. 정부.상간녀가.불륜이 왠말이냐?? 둘년놈이 말말춰놓고. 헤어지는척해놓고. 또 붙어먹냐?? 스폰서하냐? 번호사를 왜 회사변호사 쓰냐??OOO이네. 이새끼도.홍씨행동하겠네 .우리사랑하게해주세요!!라고그럼 매장시켜야지!!!OOO은 방송정지시키고. OOO은투자못받게!!!!.OOO은이쁘척.잘난척. 하더니. 상간녀타이틀이 왠말이냐! 그냥남자애랫도리 받이하는거지,0
동백꽃 필 무렵 배우분들 연기 구멍이 없고 작가님의 필력이 대단합니다 용식 동백 커플 썸 타나요 다음주도 기대된다,1
엄마 입 없어? 하는 공효진 나타나는데 눈물 같이 흐르고 보고싶어 죽는줄 알았시유웅~~~ 하는 강하늘 보면서 진짜 광대 승천... 아이고 진짜 이 드라마 미쳤다 너무 재밌다 ㅋㅋㅋㅋ 까멜리아 치부책 ㅋㅋㅋㅋㅋㅋ 아 진짜 작가님 장수하시고 오래오래 작품활동 하세요,1
와 다들 연기를 왤케 잘하냐 ㅠㅠㅠㅠㅠㅠ드라마 대사도 너무 좋고 연출 연기 완벽하다 강하늘 귀여워 ㅠㅠㅠㅠ,1
ㅎ ㅏ강하늘.. 공효진 고두심 소장님까지 다 너무 좋아서 미쳐버릴꺼같애!!!!!ㅠㅠ 약간 인생드라마 될것같아요,1
윤상현씨 멋져요 딸들도 너무 이쁘구요 저기 남자아이는 메이비언니랑 친한 동생분인가? 하는 그분 아드님이네요~~ 뱃속에서부터 친구였다던 글을 읽었던거같아요♡ 다들 너무이뻐요♡,1
오늘도 너무 예뻤고 열심히 해줘서 고마워요 앞으로 더 열심히 힘내주셨으면 좋겠어요,1
어떻게 너흰 초심잃지않고 이렇게 항상 감사해하는지ㅠㅠ 잘될수밖에없다 필스페셜 명곡 많이들어주세요,1
다음 앨범에는 미나도 건강하게 돌아오길 트와이스 필스페셜 너무 힐링되는 노래다,1
솔까 여자측 능력이나 외모정도면 39여도 30초 남자 까지는잡을수있음 몸좋고 얼굴 잘생긴놈으로다가 근데 51의 김건모라.. 이건 돈밖에생각이안난다,0
어제 너무 재미 있었어요!! 히어로 포즈ㅋㅋ 진짜 웃겼고 멋졌어요ㅎ,1
고맙다 시안아. 너가 슈돌 주인공이었어. 그예쁜마음 계속 간직해줘.,1
정말 아이들 의젓하게 잘키우는 집 이라 생각들었구요 특히 대박이 시안이 너무너무 생각도 마음도 멋지고 이뻤어요 훌륭한 인격을 가진아이로 쭈우가길,1
인신공격은 안하고싶은데.. 고집 진짜 세게 생김. 남자도 등신같고.,1
남친월급370받던회사.지금하는꼬라지보니 370못받앗을꺼같은데?ㅋㅋㅋㅋㅋ저 금강역사처럼생긴 여사장보다 남친이 더가관임ㅎ,0
내 자식이 여자에 미쳐서 다니던직장 때려치고 저런다고하면 바로 연끊고 내보낸다. 어휴 정신나간놈,0
고집쎄고 못됐게 생겨갖고..,1
개념없는 저런 년이 사장이라고..아오 빡쳐 300을 넘게 받던 저 모자란 놈은 왜 굳이 저기가서 저러고있는지...아이고 모질아,0
이혼하면 인스타도 올리지말아야함? 신발광고라서 저것도 일의 일부인데 송중기는 드라마 영화 잘만 찍던데 남자한테는 참관대하고 송혜교는 일도 하면 안됨?,1
"악성댓글을 남기는 사람들은 실생활에서 사회성이 떨어지는 사회 부적응자들일 가능성이 높으며, 악성댓글은 그들의 유일한 표현수단이자 자존심 회복 수단이라고 말합니다. 그리고 그들은 악성댓글을 통해 일시적으로 자신의 힘을 확인하는 것 같은, 마치 자신의 지위가 향상된 듯한 '착각' 속에 산다",1
행복하셔요~응원합니다♡,1
완전비호감역겹다,0
야 이 기자 못배워 처먹은 놈아. 저 편지는 펠릭스 곤잘레스 토레스가 88년도에 연인 레이콕한테 보낸 편지야... 니가 한 해석 달러... 어디서 번역기 돌려서 가져온 걸 해석이라고 하고 ㅠㅋㅋㅋㅋ 부끄럽지도 않냐 그래도 돈 받아먹고 하는 일이면 제대로 알고는 써야지 기자가 왜 소설을 쓰고 있냐 정신차리자!,0
지디 전역 다가오니 또 개발작하는 언론과 기레기 ㅋㅋㅋ,0
기레기 개무식해..;;,0
어쩐지 ㅋㅋ 안재현이 활동기사 뜨니까 빡도셨네. 이혼소송 끝나도 평생 저 질할할듯.,1
이런 사람 경험한 적 있음..아무리 사실을 얘기해줘도듣고 싶은 것만 듣고보고 싶은 것만 봄.나중엔 기억도 왜곡되어서 없는 말도 지어서 함.안재현이 왜 대응 안하는지 이해 됨..엮이는 것 자체가 지치고 기운 빠져서그냥 포기.. 니 맘대로 생각해라~,1
엘팬이지만 키움팬분들 승리 축하드리고 오늘 엘지는 이길 자격이 없었고 앞서고 있을때 추가점을 냈어야했는데 내지 못한게 정말 아쉽고 키움의 전력이 엘지의 전력보다 월등히 앞서고 패배를 인정합니다 그리고 심판진들은 3차전부터 공정하게 판정을 해주셨으면 하는 바램이고 솔직히 6회말 샌즈의 타구는 파울이었고 오심이었습니다 양팀모두 수고하셨고 3차전도 좋은경기 해봅시다,1
보는동안 정말 짜릿했고 멋진 승부였습니다 우리 선수들 정말로 멋집니다~!!! 그리고 또 짚고 갈건 짚자면 오늘 해설 그런 식으로 하지 마세요 키움팬들이 듣는 입장을 생각을 안 하나요? 팬 수가 적은 팀이라고 막 무시하는 건가요? 좀 말하기전에 생각 좀 하세요,1
크보 신발련드라 관중 타령하지말고 심판좀 어떻게 해봐라,0
재밌다고?? 졸라 졸전에 저질야구아님??솔직히 크보는 6개구단으로 가야한다...10개구단으로 운영도 그렇고고 못해도 5등안에들면 가을야구가니...수준이 높아질수가 없다,0
안재현 그냥 참지말고 형사고소 진행하고 참교육 시켜줘라 적당히 봐주면 더 할거야 저런 경계선 성격 장애에 허언증세 있는 사람은 끝을 보기 전 까지는 계속 저럼 ㅡㅡ,1
살을빼건 고치건 진짜 혐오스러운 쌍판이다,0
일반인이야기를 기사라고 저뚱녀살뺀걸 알아야되나?,0
배우자를 먼저 보내면 사별이라고 하고 부모를 먼저 보내면 자식을 고아라는 하는 단어들은 있어도 자식먼저 보낸 부모를 지칭하는 단어는 없다라고 들었는데 그 이유는 감히 상상도 못할 아픔때문이라고 합니다. 항상 힘내시기 바랍니다,1
아.. 너무 안타깝네요 힘내세요,1
앞 내용이 없으니깐 딸들이 이상하네요밥 먹다가 분위기 전환하려고 제부이야기 하면서 제부가 좋은사람이며 사위 복이 많다라는 뜻으로 이야기 했던 걸로 기억이 나네요방송 보면서 엄마의 마음도 이해하지만 눈치보며 엄마기분 풀어주는 딸들이 더 안쓰러웠답니다,1
딸이생각이짧네요특히 자식키우면서 그것도 늦게얻은자식키우면서 어찌 그런말이 나오나요?모르는사람이라면 그런말할수있지만카메라잔뜩켜놓고어머니복이많다고 말한것은 몹시 실례 무례입니다.,1
겪어본 사람만이 아는 고통입니다... 시간이 약이라는 말도 거짓인...시간이 흐르고 또 흘러도 가슴 답답하고 심장이 미어지는 아픔...ㅠㅠ,1
나도 우울증인데 그냥 겉으론 밝은사람인척아무상처없는사람인척 소소하게살아갈뿐임가족한테 상처받아서 마음의문을 닫은지 꽤오래전일이지만 가족들은 절대 상상도 못하겠지,1
작가야 진짜 ㅈ ㅣ럴도 가지가지다..막바지에 꼭 이딴식으로 해야했니??,0
이.ㅂㅅ 같은 드라마는 언제 끝나냐?그리고 폐지좀 하면 안되냐...10년이 넘게.드라마가 몇개나 바꿨는데 1화만 보면 무슨내용인지 다암..,0
작가 ㅅ1벨 ㅋㅋㅋㅋㅋ 금희한테 왜 그러냐.. 한준호 한테 이혼 당하고 여름이 뺏길뻔 했다가 가까스로 지키고 여름이 친아빠 상원이 만나서 이제 행복해질일만 남았는데.. 머 갑자기 뜬금없이 급성 백혈병...? 장난하냐 진짜로..,0
Kbs쓰레기 방송.이런걸 수신료받아 처먹냐?정신피해 위자료 내 놔라!,0
멍청한 인간들 또 백혈병이 뭔지 검색하고 자빠졌넼ㅋㅋㅋ 시발 왜 실검에 뜨나 했다,0
"지x하고 자빠졌네ㅂ,ㅅ년들이ㅡㅡ좀 기사화 하지마기레기 ㅂ,ㅅ들아",0
행복하게 잘 사실것 같아요. 손잡고 포옹해도 사귀는거 아니라고 하는 그런분하고 단칼에 자르신거 정말 잘 했음. 강남이 아깝.,1
두 분 행복하세요 보기 좋아요 앞으로 힘든 일도 많겠지만 지금 처럼만 서로 사랑하고 이해해 준다면 어렵지 않을 것 같아요,1
이여자 저여자 찝적대더니 운동만해서 순진한 이상화가 걸렸네,0
두마리 토끼를 잡으면 좋겠지만 악플에 상처받는거 싫어한다면 그냥 순수하게 방송안하시는게 낫지 않을까요? 방송은 커서도 본인이 하고싶다면 하겠죠,1
아니ㅡㅡ애한테 대체뭐라하는 인간들은 먼생각임? 부모따라 방송좀 나오면안되냐?보기시름보질말든가,1
딸악플달리는게 싫으면 방송노출을 안하면될듯 싶은데. . 방송나오면서 악플보다 더슬픈게 무플아닌가? 방송나오면 좋든싫든 말나오기당연하지 어찌좋은댓글만달릴줄알앗나? 아이상대로 악플보기싫으면 방송출연을 안하는게 부모로써 도와주는거같은데. 괜히 악플땜에 내새끼상처받을꺼알면 걍 평범하게살꺼같다 아이가문제가아니라 이집은 부모가문제인듯 싶고. 악플내가 본적은없지만 아이가얄미워서가아니라 엄마가 얇미워서 악플다는사람들많을듯 싶은생각도. 아이방송 노출시키면서 계속 악플경고하는기사를봐서그런가 지금은 엄마가 내눈에거슬려서 왠지.송지아는좋은데 부모들이.,1
지 새끼들 욕 먹이는것도 다 부모하기 나름인데...그걸 모르는건지 뭔지...,0
애들은 커가면서 꿈도 바뀌고 하고싶은게 많다 애 원하는거 제대로 밀어주는게 옳은일이지..항상 응원할게요,1
"전남편한테 양육비를 일부 받긴하겠지만,애들 양육하고 생활하려면 저 가족도 일정한 수입이 있어야 할텐데 지아양이 그래도 엄마보다 인기가 있고 불러주는 곳들이 있어 방송하는거 아닐까요. 그냥 좀 너그럽게 보면 좋을거 같은데..",1
신경쓰지마세요~~다들 배아파서 그래요 왜 이래라저래라하는지 모르겠네..,1
악플 신경쓰지말고 본인 소신대로 아이가 바라는데로 키우세요! 악플다는애들 대부분 부러워서 지껄이는겁니다. 개가 짖는다 생각하고 신경끄는게 정신건강에 나아요~ 아이들은 그때그때 생각도 달라지고 좋아하는것도 바뀌니깐 아이생각에 맞게 엄마가 써포트해주는게 제일 좋은것같아요 지아가 똑뿌러지고 야무져서 뭘해도 잘할듯~,1
미스터리삼촌 오늘 방송으로 보고 울었을듯. 마지막에 눈물참고 서로 바라보는데 전 오열했네요. 하나같이 너무 사랑스런 리틀이들이 좋은추억 쌓인만큼 힐링되는 프로였어요. 이모삼촌들 정말 수고하셨습니다.,1
브룩이 마지막에 눈물참은건가요?ㅠ.ㅠ애기가 눈물을 참을수있나요?ㅠ.ㅠ너무 신비로운아이에요 브룩이..,1
처음엔 그레이스의 러블리한 모습이 좋았는데 점점 브룩이의 매력에 빠졌어. 정말정말 천사야. 지난번에도 이모삼촌들 속상할까봐 혼자 밥먹고 애들보고 밥먹으라고 하고 . 맛있는 밥해줘서 고맙다고 하고. 어쩜 저리 말을 이쁘게 하지? 사랑하지 않을 수 없는 아이네.,1
방송내내 미스타리 삼촌 브룩이 하트 뽕뿅 보였어요^^ 서진 삼촌 이미지 넘 좋다 ㅎㅎ,1
누구든 저정도 뺐다면 기삿거리가 되지 않나? 홍선영씨 응원합니다. 방송보고 시작했는데 이제 4키로 빠졌네요. 여전히 배가 부르지 않으면 잠이 오질 않아 쉽지 않은데...,1
요즘 같은시대에 10키로도 작정하고 못빼는게 이상한거 아닌가 . 그리고 저런 몸매는 좀만 굶으면 빠지지 에휴 뚱뚱했다가 정상에 가까워지는게 뭐라고 차라리 저 자리에 신예 여배우를 끼워주지 완전 비호감,1
에라 이 ㄱㅈ같은ㅅㄲ!,0
송승헌씨 연기 넘 잘해요^^ 위대한쇼 응원합니다!!,1
마지막으로 갈수록 점점 재밌어진다. 남은 3회 대박나자. 송승헌 아자,1
송승헌 멋지다~,1
이소연 정도면 이쁘다는말 귀에 못박히게 들었겠지 ㅋㅋㅋㅋㅋ,1
이소연 존예,1
결과 스포하지 말라고 OOO아,1
"짠내투어 푹 빠져서 매주 챙겨보고 있습니다. 6년 전에 말레이시아 교환학생을 다녀온 적이 있었는데, 제가 그당시 갔던 곳들과 먹었던 음식들이 모두 나와서 정말 감회가 새로웠고 재미있게 봤습니다. 그때 그시절이 그립네요 ㅎㅎ 행복한 추억을 돌이켜볼 수 있는 선물을 해주셔서 감사합니다 ㅎㅎ 앞으로도 재밌고 유익한 방송 계속 이어나가 주세요^^",1
이용진최고양,1
믿고보는 한혜진~^^,1
짠내투어도 재미없고 한혜진도 재미없고 식상하고,1
한혜진이 왜 자주 나오지 재미도 없고 예쁜척만,1
악플 ㅅㄲ들은 멋도모르고 나불대기는 ㅋㅋㅋㅋㅋㅋㅋㅋㅋ 하루빨리 니들이잡혀가길 바랄뿐이다 ㅋㅋㅋㅋ,0
제목 뭠미? 세경아 넘 예쁘다!!,1
사랑해❤❤,1
세경님 차기작 또래랑 현대멜로 꼭해주세요 빨리오세요,1
매일 엠넷은 나 모르쇠 하구 자빠졌지,1
제니는 진짜 이쁘기도 하고 귀엽기도 하고 매력이 여러가지야 ㅠㅠ,1
"제니, 나의 아름다운 소녀",1
주의 쿵쾅주의보!! 쿵쾅이들 또 화나요 테러중,0
트퀴벌레들 출현.,0
조국 차기 대통령님이야 말로 이 땅에 빛입니다. 보수 틀딱 토착왜구를 한방에 죽일수 있어요^^♥️,0
지용아 맨날욕하면서 버티느라 애썻다 공인이 다 보이는데서 그렇게입에걸레를 물고다니고 승리랑 탑이랑 대성이까지 모여서 마약파티함해야지 양사장한테 주최문의해봐라 여자들도 많이부르고 화끈하게 해야지 항상 하던대로,0
거 ㅅㅂ 지디가 군생활 개판으로 했건말건 가준것만으러도 감사히 생각할것이지 말들이 많냐 니들은 군생활 제대로 했냐?? 능력도 없는 하루살이같은것들 ㅉㅉ,0
지용아~^^ 건강하게 전역해.,1
그래 나와서 활동하면 빨아줄 빠순이는 많으니까 니 하고싶은데로 살아라,1
범죄자 집단 넌 제대하고 나와도 존나 까일일만 나남음 지디야,1
지디 응원합니다! 시간이 지나면 좋아질거라 믿어요,1
이새기 승리아니면 부적합판정으로 나오려고 그림그리고 잇엇는데 ㅋㅋ승리가 터져서 ㅋㅋㅋ군생활 완전 개판으로 초관심병사엿다며 ㅋㅋ전부열외받고,0
그동안과 다른 시간속에서 또다른 영감을 받았을거라 생각해 이후에 나올 음악 기대할께 누가 머라고 까대도 너의 음악은 못건드려,1
기자들 때메요즘 연예가 소식이 개판된건 사실이지 ㅆㅃ~~!!!!!! 기사올리기전에 더자세히 분석하고해석해서올리던지 이건무슨 기사제목부터가 날조 욕드세요~~~라고 써져있잖아 ㅋㅋㅋㅋㅋㅋ이러니 기자들 온갖 기획사마다의 니들이욕먹는거야~~~~날조 기사맘대로쓰다가 기사삭제된것도 몇개나되냐????? ㅋㅋㅋㅋㅋㅋ,0
야 너 기어나오지마라 어서 나오려고 미틴 뇨마,0
ㅋㅋㅋㅋ 약쟁이 ㅈㄹ한다 니몫까지 승리한테 터진거지 승리가저정도면 니ㅅH낀 얼마나더하겠냐 그나저나 군생활도 ㅆㄹㄱ처럼했다지?,0
마약 도박 성접대 성추행 이건 뭐 아이돌인지 범죄집단인지 어차피 방송엔 얼굴디밀긴 어려울테고 니들끼리 공연이나하면서 광신도 빠순이들 돈이나 뜯어먹고 살아라,0
지디 나올때되니 또시작들이네..기레기들부터짜증나..어디에 승리언급이있냐.,0
지디는 워낙 개성이 강해서 전역해도 인기 다시 끌듯.,1
꼴깝을 안하면 죽는 병 걸린것도 아닌데 군대도 못 고친 저 허세,0
이새기 휴가 막쓴건 벌써 잊었냐 개돼지들아,0
기자가 기튜브 하네 제목 어그로 쓰레기네,0
"지디라는 두글자만 들어도 반갑고 좋다, 멋진 아티스트 스웨그 아이돌",1
쟤네 다 루저들인데 뭔사진 올리던 노관심~ 약쟁이에 음주운전에 성매매에 탈세는 덤,1
지드래곤 중1병 걸렸나...;;,1
군생활 개판쳐놓고 허세는... 전역해서 요상한 발음으로 똥폼 그만잡아라. 그럴 자격도 없다,1
똑같은놈이지 그나물이 그밥 약쟁이들,1
"와 쉴드 쳐주는거봐 ㅋㅋㅋㅋㅋ 이러니 개, 돼지 소리 듣지 ㅋㅋㅋㅋㅋㅋㅋㅋㅋ",0
이런게 기자라고ㅡㅡ 책임감좀가져라 이런식으로기사써대면당사자들은 누구든 피눈물흘린다 이러한과정에서공항장애가걸리기도하며안좋은선택들을하기도하지기레기들이 무슨짓을하는짓도모르고 그저쉽지 제재할방법도없는법도ㅂㅅ같고,1
여기 돌대가리 기자 추가요~~,0
기자 좀 더럽네 ㅋㅋㅋㅋㅋㅋ 날조하네????재수없게???승리의 달콤한맛???? 어그로끄는 기사오지게도 하네그래서 요즘 연예가가 ㅂㅅ된거야 ㅋㅋㅋ기자들 날조때메 ㅅㅂ!!!그냥 ㅅㅂ 욕먹일려고 온갖수단다부리네 기자들이 돌았다 ㅋㅋㅋㅋ 기자들도 조사받았으면좋긋네,0
미저리 ㅅ ㅣ ㄲㅣ들,0
폭망 아티스트 빠순이들 ㅂㅈ났네그래서 여기다 ㅂㄱ하시고,0
"뺑끼써서 병원에있다 전역한 그 지디?ㅋㅋㅋㅋ 범죄자 그룹리더답네. 풉 ..무슨 범죄자들 영화찍나?각분야 좃문가들만 모아놓은 그룹리던게 자랑이냐? 약쟁이, 성매매, 종합선물셋트.. 태양만 피보네ㅋㅋ 태양도 까면 머 나올까?",0
댓글에서 왜케 쉰내나나했더니 상폐녀모임이네 ㄷ,0
염병하네 범죄자 옹호하기는 ㅡ ㅡ 역시 끼리끼리,1
어떤 몰락아티스트빠순이길레 디스패치기사만믿고 억지부린데 독도를 일본땅이라 우기는쪽빠리 집구석 이라서?,0
외곡된기사만믿는 머리가ㄸ 구멍에 붙어서,0
"승리의 달콤함, 나는 너를 사랑한다... 이세이 이게 말이야 글이야. 도대체 아직까지 정신못차리고 이러고잇네.ㅎㅎㅎ 승리 지디 탑 대성 너네들 대중들이 시간지나면 다 잊어버리는 개대지로 생각하고잇겟지..아 요세이들봐라, 징그럽게 싫어진다..ㅎㅎㅎ 일본에서 돈좀 벌엇다고 눈ㄲ ㅏ릐에 보이는게 없지.... 아치들이 돈좀벌면 월래 눈에 보이는게 없어진다..그래서 졸부라고하지.. 쫄때기 시키들아 너네들은 돌아오지마라...안봐도 되고 보기도 싫다.... ㅎㅎㅎㅎ",0
이 뽕쟁이섹히 또 나오면 죽여버린다,0
꼴물견들 ~~~~~~~~~~~,0
에이 지랄 기레기야,0
지디 머리체는 왜 잡으심 10년째 너같은 밥충이한테까이는데 살인 자마냥,1
빙신 지랄하고 있네,0
에휴 머리 뭐만 가득찼어 기자년이란게,0
약쟁이 관종,1
뽕탑 물뽕승리 살인대성 대마드래곤 그냥태양 돌아온다~,0
잠잠하다 했더니 제대할때 되닌깐 기레기 또 나대기 시작하네 그만 괴롭혀라 토나온다 기레기ㅅㄲ야,0
아직도 빅뱅을 빠는 뇌없는 벌레뇬들이 있다는것이 놀라울 따름이다. ㅋㅋㅋㅋㅋㅋㅋㅋㅋㅋㅋㅋㅋㅋㅋㅋㅋㅋㅋㅋㅋㅋㅋㅋㅋㅋㅋㅋㅋㅋㅋㅋㅋㅋㅋㅋㅋㅋ,0
김치들 부들부들 ㅋㅋㅋㅋㅋㅋㅋㅋㅋㅋㅋㅋㅋㅋㅋㅋㅋ,0
아오~~토 나올라 그런다,1
고만나와,1
ㅋㅋㅋㅋㅋㅋㅋㅋㅋㅋㅋㅋㅋㅋㅋㅋㅋㅋㅋㅋㅋㅋㅋㅋㅋㅋㅋㅋㅋㅋㅋㅋㅋㅋㅋㅋㅋㅋㅋㅋㅋㅋㅋㅋㅋㅋㅋㅋㅋㅋㅋㅋㅋㅋㅋㅋ ㅈㄴ 빻았네 ㅋㅋㅋ,0
실제 거리에 저보다 못생긴 뚱녀 동네 많이 다니는데 돼지 냄새 남 저분은 미인이기나 하지...,0
마녀같네,1
마녀같다 어째살을빼도 그모양이야 더 보기싫다,1
마녀할멈같아. 머리 좀 어떻게 해봐 진심,1
"댓글 3,40대 여자 70프롴ㅋㅋㅋ 어리고 이쁜 10대 애들은 악플 안다는데 연애도 못하는 못된심보 틀딱들은 열폭",0
턱 뭐고 시바... 빗살무니 토기가,0
스모선수가 턱돌이 된건가?? 초고도비만에서 그냥 고도비만된걸 무슨 정상인 될라면 최소 40키로는 빼야돼 요요도 감안해야지 유지가 더 힘들다 ㅆ ㅣㅂ 들은 10키로 빼는것도 쉽고 빼도 돼지야,0
조만간 앨범내실듯... 근데뭐하시는분인지 디게궁금하네요.. 새벽에도 운동 엄청하신다고 sns올리시던데.. 직장인이라면 불가능한 일인데.... 부럽네요. 저도 돈많고 인기많은 동생이 있었으면ㅠㅠㅠㅠ,1
빼나 안빼나 존나 징그럽다,0
너무예쁘다 이목구비완전뚜렷 자연미인♥♥♥♥♥라푼젤같아용,1
일반인이 왜 연예란에 있니??? 더러운 면상 치워라 기레기야.,1
얘는 왜 살찐것도 빠진것도 이렇게 과장스럽냐? 번쩍이는얼굴.라면땅 머리.찌를듯한 눈썹과 길고긴 속눈썹.보는 내내 불편하고 역겨움,1
?? 한달수익 10억인데한달에 6편정도 찍으니까10억중 600만원이면 좀 너무한데,1
얘네팀원 많지 않음 ㅋㅋㅋㅋㅋ 한달 10억 수입이면 JTBC 명목으로 가져가는거지 장성규한테 아무리 못줘도 1억씩을 줘야할정도로 원맨쇼인데 말이 안되는거임.,1
컨텐츠짜주고 일정조율해주고 다해준다지만10억을 벌면서 100만원주는건 무슨 똥배짱이지장성규로 인해 구독자 300만 가까이된거고 그렇게 벌게된건데 ... 연출자고 편집자고 월급주고 다해도 한참남을건데 그걸 다 사장새끼가 쳐먹는거네 엿같다 진짜,1
근데 생각해봐.. 혼자 했으면 그정도로 재밌게 나올까..장소랑 섭외도 다 해놓고 허가도 다 받고 대본도 써주고 찍고 편집하고 그냥 방송처럼 무대에 올라가서 놀기만 하면 되게 다 세팅해놓는건데 직접 하는거랑 비교할순없지,1
유튜브 한달10억이면 구독자들이 광고를 다보거나 프리미엄 가입했나보네 그런데 워크맨 편집자들이 일되게 잘함 ㅋㅋㅋ,1
"방송국이 기획 편집 연출 장소섭외 다했고 저때만해도 장성규는 프리선언한 아나운서일 뿐이었으니까.ㅋㅋ 그리고 장성규 워크맨 하기 전에도 유튜브 컨테츠 1,1년 전에 했었는데 이 정도 반응 아니었음.이미 어느정도 구독자가 확보된 jtbc 플랫폼에 와썹맨 편집자들 데려와서 만든게 워크맨인데 반응 폭발해서 따로 나올 수 있었던거고 물론 장성규 드립,개그,스무스한 진행력,친근감,호감도도 큰몫을 했지. 재계약협상 할 때 어련히 출연료 올려줄듯.ㅋㅋ워크맨으로 인기와 더불어 부수적인 이익은 갖게 됐으니 손해는 아니지.",1
연느 is 뭔들..♥ 하객들이 부러운 건 처음ㅠㅠ연느를 가까이서 보고..좋겠다! 행복하게 사세요 두 분~,1
결혼식 주인공인 신부보다 더 화제가 되는 연느... 연느라서 화제가 되는건 어쩔수 없겠지만 오늘같은 날은 하객보다 신부가 더 돋보이게 이런 기사는 좀 참아줘야 되는거 아니냐. 으휴,1
악플러들아 이제 만족하냐? 기레기야 천벌 받을거다,0
악플러들도 정말 문제지만 정말로 정작 심각한건 언론이다. 어제도 비공개로 장례를 하겠다는 유족의 뜻은 저버리고 단독으로 빈소를 알리고 ㅉㅉ 별 거 없거나 별문제 될 거 없는데도 남의 인스타 퍼와서 제목을 자극적으로 하는 거와 기사화 시키는 거 정말 문제이다. 특히 여자연예인에게는 더 그렇게 하는 것 같다. 하긴 연예계는 기자는 아예 없고 전부 기x기들 뿐이니 뭘 바라겠냐만은....ㅉ,1
제발 싫으면 보지 마세요 ㅠㅠ 왜 악풀 달아서 . 아까운 꽃 피지도 못한체 별이되어야만 하나요 ㅠㅠ,1
진짜.. 아직도 충격이다....ㅠㅠ 설리 악플의 밤에 나와서 악플에 대해서나 노브라에 대해서나 이것저것 말하는거 보면서 되게 생각이 멋지다고 생각했고 강해보여서 부럽다고 생각했는데 지금 생각해보면 강했던게 아니라 애써 강한 척 했던것일지도.... 얼마나 힘들었으면 그랬을까 하는 생각에 너무 안타깝다.. 행복하세요 설리..ㅜㅜㅜ 거기서는 슬퍼하지말고 애써 강한 척 하지 않아도 되는 그런 삶이였으면 좋겠네... 고인의 명복을 빕니다,1
죽고나니 악플이없고 다 걱정하는 댓글밖에 없구나....,1
무엇보다 악플러들도 처벌을 받아야 한다.. 찾아서 처벌을 받게 그리고 실명제를 다시 해야 한다.. 악플러도 처벌 받을수 있게 법 개선이 필요하다. 연예인들 멘탈 약해지면 안되니.. 멘탈도 강하게 키우고~,1
선택은 자기가 한건데 겁나 뭐라하네,0
댓이나 닫고 씨부려라,0
이제와서 선인군자인척 하는 애들 졸라 역겹네,0
마무리 훈련 = 10달간 돈 주니까 못놀게 굴리는거. 프로라면 시즌 끝나고 알아서 몸 만들어야지. 그나마 요즘은 조금 나아진게 마무리 훈련을 11월 초까지 하거나(김성근 말고도 다들 어기던 규정) 교묘한 규정으로 스프링캠프 15일 먼저 시작하는건 없어졌다.,1
편파해설에 그렇게 크보에서도 밀어줬는데 심판도 쥐심판이고 그런데도 탈락하는 류시는 덕장인가 돌대가리 감독인가... 주둥이만 털줄알지 감독은커녕 용더칸처럼 고등코치수준벆에 안되는것들이 용더캉느 감독이 수염안기르니 지도 깍어야했고 화나가더니 아주 과관이더라 무슨 노숙자도 아니고.. 화나는 용더칸부터 짤나라 재수없는 용더칸,0
"마무리 운동 겸 해서 두산이랑 실전 경기 뛰어 볼 순 없나..? 두산 입장에서는 lg 선발이랑 붙어 보면 확실히 한국 시리즈 대비 될꺼고, lg도 내년에 쓸 불펜이나 야수 자원 시험 해볼 수도 있고.. 그리고 무료 혹은 일정 수준 입장료 받는다 하면 팬들 입장에서 보러가면 좋을 꺼 같은데..",1
웃는 사진이 너무 이뻐서 마음이 너무 아프다..,1
진리야 웃기지 이 세상은 널 잃고 나서야 널 이렇게 응원할 수 있게 되었어 지켜주지 못해서 미안해 너만의 진리를 고집하던 어린 너는 결국 별이 되었지만 고마워 진리야 네가 이 시대를 살아가는 여성들에게 어떤 의미였는지 너는 알까? 절대 잊지 않을게 비록 지금은 너라는 작은 진리조차 이해할 수 없는 좁고 좁은 사회지만 바뀌어야 할 것들에 바뀌는 세상이 올 수 있을 거라고 믿어 그리고 그 시작에는 분명히 내가 서있던 거야 잘 가 진리야 그곳에서는 꼭 행복해야 돼,1
주접싸고 있네 야 설리는 죽었는데 도대체 누구한테 지껄이는거야? 정신병자들 존나 많네,0
누구긴 누구야 느그 애비지 트위터 @y54vbu5f 흉자인 거 티내고 싶어하는 사회성 재기 공감능력 재기 흉자,0
언론이 적폐지...기레기들,0
어린나이에 삼가고인의 명복을 빕니다,1
난 연예인들 악플에 시달리는 모든 사람들 사람에 상처받은 사람들에게 꼭 이 글을 전해주고 싶다 진심으로 일단 연예인들은 사랑을 받아 연예인인 것이고 절대 미워하고 싫어하는 사람보단 당신들을 사랑하는 사람들이 훨씬 많다는 걸 알아줬으면 좋겠습니다. 원래 겁 많은 개들이 짖는 거고. 그릇이 간장 종지 만한 것들이 꺼떡 하면 쌈질하는 거라고 어떤 곳에서 그러더군요 다 그 아픔을 알 수 없고. 얼마나 글과 시선과 사람이 사람을 아프게 하는지 체감할 순 없지만. 절대적으로 사랑받는 만큼 제발 목숨을 소중히 해주세요. 그리고 기자들이 반성하길,1
그냥 인터넷에서 글이나 말하는거 보면 진짜 생각없이 반말 찍찍하고 툭툭 내 뱉는 그런 사람들 진짜 많음~밖에 사회 생활은 그렇게 안 하면서 인터넷 세상에서 그런 사람이 진짜 많다는게 큰 문제임!!! 그런 사람들 진짜 문제 많음,1
석천이형도 힘내요. 대한민국 연예계에서 가장 힘들었을 사람 중 하난데 방송 잘 하시는거 보니 좋습니다. 힘냅시다.,1
멋진사람!!당신을 좋아하는 사람이 훨씬 많으니 힘내세요 진리는 저하늘에서 편안하길........아직도 믿기지 않음,1
홍석천은 동성애로 항문성교 하고사는..변태성욕자일 뿐이다.,0
기자들도 한 몫했어. 그냥 인스타그램에 있는 설리 사진 그대로 두면 되는데 노출이 됐다느니 무슨 행동을 했다는 이런 구설수 만들어서 악플러 총 출동하게 만들었잖아. 난 솔직히 나이가 많아서 그냥 어린 친구가 참 당돌하다고 귀엽다고만 느꼈지 그런 기사 볼때마다 힘내라고 응원글 남겨줄걸 무관심 했던게 미안해지네 ㅠ 진짜 우리 모두 반성해야돼,1
뒤에서남욕좀하지마라 지네는뭐가그리잘나가지고그러는지원 ㅡㅡ특히맘충들,0
여기서 갑자기 맘충은 왜 나오니? 길거리에 아이들과 다니는 수많은 엄마들한테는 대놓고 찍소리도 못할 거면서ㅉㅉ 너 같은 놈들 때문에 실명제 해야 한다,0
벌레같은 네 엄마와 모든엄마가 같다고 생각 마. 네 엄마만 맘충이니 복수형은 안되지,0
당사자를 만나야 앞에서 얘기하지 연예인이 만나고 싶다고 아무나 만날 수 있는 사람이냐,1
좇같이생긴 OOO야 막말안하면 안그래도작은고추가 똑 떨어지냐? 6.9소추 역겨운새끼들 살인충들 투신재기해라,0
한남충들 어그로 존나 끄네 정신병자 ㅅㄲ 설리 예은 얼마전까지도 실컷 욕했지 ㅉㅉ 악플러중에 도태남이나 애비충들이 대다수지 뭐 똥차같은 놈들,0
정신나간 페미충 한녀충 워맏충 몇마리 기어 들어왔네 사회악 페기물들,0
한녀충들아 니들때문이다ㅉㅉ 그래도 일부 남자악플러들은 충고식으로 댓글달았지 김치년들은 인신공격 모욕이 기본이었음 ㅉㅉㅉㅉㅉㅉㅉㅉㅉㅉㅉㅉㅉㅉㅉ그래놓고 남자탓하고 쿵쾅이거리냐? 정신병수준,0
개맘충년들. 애똥이나 쳐먹어라,0
이와중에도 서로 무슨 충 무슨 충 하면서 헐뜯는 클라스 대단하다,1
석천이형아는 그래도 좋아하는 사람 많아아요 화이팅,1
sns중독자들 남 보여주기식이지 저게 슬픔을 표현하는 방법이고 애도의 표현이라니..그 슬픈 와중에 핸드폰을 꺼내서 인스타를 들어가서 감성멘트를 타이핑 하고 있는게 자신이 아끼던 사람을 잃은 직후에 하는 행동이라고??ㅋㅋㅋㅋ 말이 안나온다,1
그러게 댓글창을 없애야 된다니까. 구글봐라 댓글창 없으니 서로 댓글로 싸울일도 없고 스트레스 받을일도 없다. 구글이 괜히 세계적인 포털사이트가 된게 아니야,1
풍문으로 들어쇼에 나오는 홍석천도 그닥 좋아보이지는 않던데 연예계 인맥 카르텔로 보임. 주식 사기꾼 이희진도 자기한테 의혹제기 하는 사람들 악플러로 규정하고 고소드립쳤지. 외모 비하등의 일차원적 욕은 악플이지만 연예인의 경솔한 행동과 의혹제기를 악플이라고 하지말아라,1
"언젠가부터 비디오스타 게스트진들이 라스보다 훨씬 급이 높음. 케이블 지상파 차이에, 본가 분가 클라스 차이가 있는데, 이런 결과물들이 자꾸 나오는거 보면 라스 피디 작가진들 존나 무능하지 않나 싶다. 무능한거도 모자라 지들 내보내고 싶은 개듣보 아이돌 꽂아넣는 ""사심""까지 들어가지 않나 싶기도 함",0
한화야 뭐하니? 빨리 외인 3명다 재계약하지 않고?,1
내년에는 10 승대 토종선발투수들 나와 힘 보태주자,1
황재균선수 축하해요~~ 프11에서도 부상없이 파이팅!!!,1
지난 토욜 이태원에서 여자 길에서 졸~ 꼬시고 있던데 황재균,1
레전드 선임할까봐 불안했는데 일단 외국 감독 영입은 괜찮아 보이네.,1
삼) 우린 허... 삼.... 영.... 무슨 메이저 감독과 중딩야구 감독 같네...... 부럽다...,1
설민석은 한국사 가르치지 마라. 한쪽으로 치우친 편향된 교육할꺼면 전공살려서 연기나해라 역겨우니까. 역사교육은 그 누구보다 중립의 입장에서 전달해줘야 한다,0
너무 좋은 프로그램,1
핵노잼;,0
"방탄소년단 지민 보통의 브이로그와 차별성 있는 셀프 영상편집을 통해 1분55초에 불과하지만 다양한 장소, 배경과 의상으로 잠시도 눈을 뗄 수없게 했고 미소년같이 해맑고 행복한 너의 미소에 넘 설레고 행복했어요",1
에프엑스 멤버들도 누가 옆에서 케어해줘야할듯... 다들 잘 추스렸으면..,1
추억다람쥐 우리 방탄소년단 지민이가 매일매일 우리를 녹이고 있어~~~ 우리지민이의 사랑스러움에 녹아내린당^^ 사랑해 지민아~~,1
사랑하는 소중한 정국아~ 정국인 이 세상 보물이야. 정국이로 하여 삶이 행복해졌어. 너무 고마워,1
난 아직도 의문이다.설리가 그렇게 심한 욕과 비난 받을 행동을한것인지.,1
sm도 책임 피할 수 없겠지 악플러들이 sm가수들은 적폐소리 하면서 개패듯 패는 이유가 뭐겠음 소속사에서 악플은 셀럽으로서 겪어야할 과정인거마냥 봐주고 소극적으로 나오니까 그냥 기사만 뜨면 몰려와서 비난하고 패던거 스포츠수준 아니었음?,0
재앙이네,1
매퇘지 불땅해 ㅠ_ㅠ,0
같은 목숨붙은 생명체로 불쌍하네요,1
"ㅇ 좀더 지켜보자구~ 평생 우파쪽에 좀 더 기운 중도였던 울아부지. 뉴스보시다 ""자한당 저 ㅅㄲ들 이젠 안찍어줘~ 해도 어느 정도껏 해야지. 인간같은 것들이 없어..."" 라십니다~~ ㅋㅋㅋ 결국 이런 날이 다오네. 뭐라고 헛소리할 애들 있을 거 아는데 ㅡ 네. 틀니 안끼시구요! 늬들보다 정신 멀쩡하세요! :)",0
인간걸래들이 득실거린 자한당 아무리 빨아도걸래당에 걸래인간들은 변하지 않는다,0
참새가 어찌 봉황의 큰 뜻을 알리요?대갈빠리엔 똥들만 가득찬 광견들인걸...ㅋㅋㅋ 적책도 전략도 없는 꼴통집단 총선 핝일전 추풍낙엽 되어 일본으로 다 쓸려갈텐데 그때까지만 잘 즐겨라~ㅍㅎㅎ,0
좌파들.개거품물고.댑글다네.월래.돼지도죽을적에.소리무척질러돼지.머잘했다고.니들수령북돼지도.요새별로고.머되는게있나.좌파들.서서히.저물어가는.해와갓네,0
다들 한심하다 정말 ...정말 나라를 걱정하는 정치인이 누구인지.... 참참참이다 정말,0
다들 말조심하며 삽시다.,1
"인스타보고 사주는 애들이 돌대가리임, 지들은 싸구려 레깅스나 팔아주고 본인은 샤넬에서마느옷사고 ㅋㅋ",1
힘내세요!! 정태씨!! 꼭 완치 되실꺼예요!! 스크린에서 다시 보는 그날까지 화이팅입니다!!,1
야꿍이 아빠...ㅠ 좋아하는 배운데 갑자기 암판정으로 방송프로 다 하차하는거 보고 너무 걱정됐는데 이렇게 다시보니너무 좋네요....ㅠ,1
"배우 김정태씨, 허지웅작가님, 현재 골육종암 투병중인 배우 김영호씨 모두 건강하게 방송에서 다시 뵙길바랬는데 얼마전에 나혼자산다에 허지웅작가님 나와서 너무 반가웠고 오늘 밥은먹고다니냐에 김정태씨 나와서 너무 좋았고 조만간 김영호씨도 나오시길 기대하겠습니다~대한민국 배우이자 아빠인 당신들을 응원합니다~",1
정내미 떨어질정도 악역 잘하는 배우~ 예능엔 순진한 성격 진짜 연기 오지게 잘하십니다! 응원합니다!,1
장나라 진짜 미모 실화냐.. 뱀파이어급이네.. 미쳤다..,1
드라마가 아니라 계속 영화보는 느낌으로 봤다. 첫회는 쫘악 깔아주고 본격적으로 탑을 쌓아올리는 스타일의 드라마가 볼수록 재밌는 드라마임. 첫회에 제작비 쏟아붓고 팡팡 터지는 드라마는 뒤로 갈수록 별거 없더라. 이번주부터 VIP동백이 할거~~,1
송가인 팬으로 몽이가 송가인의 후광 효과로 음원 싹쓸이등 초대박!! 그러나 욕이란 욕은 몽이 대신 송가인이 방패막이로 먹고 있다. 계약기간 끝나는대로 다른 소속사로 옮기세요. 사장인가 대표라는 자가 글러먹었음. 소속 연예인 장래를 생각하기 보다는 자기 인맥 관리와 돈벌이에만 신경 쓰는 걸 보니 영 아니니 그런데는 오래 있어봐야 꽝이니 생각 잘하시길...;;,1
빅뱅팬들 참 웃기네.. 남자만 욕할거라는 착각을 단단히 하고있어 아주ㅋㅋㅋㅋ미쳐도 뭔 저런 볼만한 쌍판도 없는 버닝썬그룹에 미쳐서는ㅉㅉ,0
"진짜 애는 군생활 휴가, 훈련,복무실태 등조사해볼 필요가 있는거 같다. 싸이처럼.ㅅㅂ 저게 무슨 나라지키는 군인자세냐,,양아치ㅅㄲ지. 마약으로 말도 많고 팀원은 버닝썬등으로 나라를 뒤흔들어 놓고죄송하단 말한마디 없이 본업에 열심히 임하겠다? 그리고 이 모습을 보고 환호하는 개돼지 개념없는 년들아.. 니들때문에 나라의 근본이 흔들린다",0
"군대간게 아무리 조'""깥아도 간김에 아니 제대할때는 그래도 복장하고 경례는 똑바로하지 그랬냐.... 그래야 니 이미지도 좋아지자나..... 생각이란게 없고 겉멋만 잔득든놈 같음",0
아무리 전역해서 개판치고 다닐거지만 그래도 경례 만큼은 정식으로 했었어야지 .앞날 안봐도 대충 알겠다,1
국방의 의무는 국민의 의무 중 하나이고 그걸 당당하게 마친 사람들이 저런 경례를 보고 지적할 수도 있는 거 아닌가... 지적한다고 남자들 욕하는 여자들... 같은 여자로서 좀 부끄러움... 제발 자기네 오빠 욕먹는 다고 앞뒤 안가리고 편드는 짓은 좀 유치함.. 경례는 군인에게 있어서 인사나 다름없음.,1
기레기 셔터가 한번만 눌리겠냐? 타이밍 탓하는 쿵쾅이들 보소 ㅋㅋ,0
참 이나라는 답이없네 아무리 범죄를 저질러도 저렇게 자기편이 있다생각하면 반성이라는걸 하겠냐구~죄를저질러도 돈벌어다주는 저런 개돼지들이 있는데 ㅉㅉㅊ,0
저런 개돼지들때문에 괴물들이 나오는거지,0
"이해불가,,,",1
저기간사람들 호주머니에서 나온돈으로 마약하고 도박하고 그런거 맞죠??,1
마자요 저기모인 정신나간 ㄴ들 주머니돈으로 마약빨고 도박하고 성접대하고 그래도 정신못차리는 멍청한ㄴ들,0
카나비 선수 보호안하는 구단이 선수 보호 위해 악플러 ㅋㅋㅋㅋ,1
정당한 팬들의 질책은 받아들이시고 도넘은 쓰레기들은 반드시 고소하시는게 맞다고 봅니다 합의는 절대 해주지 맙시다 악플러들 정신 차려애 합니다 몇백을 내봐야 압니다,1
씨맥도 분란을 너무 만듬 지말로는 선수들 위한다는데 개소리지,0
충//비영싀나 바로윗사람이 이상한새끼여봤자 소드처럼 찌르는 놈이 상OOO이면 그냥 웃음거리고 아무도 신경안쓰고 찌른놈만 바로 아웃이지. 예를 들어도 개ㅈ같이드는구나. 뇌가 없냐?,0
ㅅㅂ 그만큼 못했다는건데 진지빨고 그건 좀.. ㅇㅈㄹ,0
1세트는내가 안봐서 모르겠지만 1세트부터 4:4를하든 뭘하든 유리한데 탑짤리고 라인전부터 계속쳐발리고 케일잡아도 지고 케일줘도 지고 탑끼고 5:5하면 지는거보면서 오른이 되라는 말을한 검은 꼬장꼬장한 꼰대오른이 되서 엉덩이 무거워서 계속앉아있었나봄.. 진짜 오른이였으면 자리비켜줬을텐데 역겨운 오른이 됐네 ㅋ,0
씨맥. 당신이 옳았습니다. 탑차이와 밴픽으로 젔네. 씨맥있었으면 이겼다.,1
아니 비선실세직 하려면 칸 너구리 기인만큼이라도 하고 나대던가 ㅋㅋㅋ 소드 때문에 IG 응원하다가 마지막 경기 끝나고 쵸비가 소드 쪽 보면서 뭐라 하지도 못하고 아쉬운 표정만 짓는거 보니 불쌍하기까지 하더라 ㅎㄷㄷ 나같으면 3경기부터는 자진해서 도란보고 나가라고 햇겟다 양심이 잇냐,1
농담으로도 빛규남 소리 나오는거 개 역겨웠는데 이번경기는 진짜 사이다 원샷했다,1
"씨맥의 그리핀에 대한 애착이 잘 보이네. 그렇게 애정하던 팀이 롤드컵 우승도 바라보던 팀이 규남이와 소드땜에 롤드컵 8강따리밖에 못했고, 특히 어제 ig와의 경기는 탑이 1인분만해도 ig 3:0으로 발라버릴 수준이었는데 탑이 개같이 못해서 나머지 4명이 피해보는걸 보고있자니 진짜 피눈물났을듯.조규남은 씨맥한테 가장 큰 엿을 먹이려고 씨맥의 인생의 목표와도 같던 롤든컵 직전 짤랐고. 뭐 카나비한테 미성년자상대로 범죄저지른거며 정말 규남성원커플은 제대로 벌받아야한다고 본다. 특히 규남이는 감방 제대로 가야한다",1
소드도 소드인데 그리핀은 다전제의 포인트인 피드백을 전혀 할 마음이 없음. 1-1경기 저렇게 됐음 탑은 이미 나간거라 5밴때리고 탱커 시킨담 쵸비한테 칼을 쥐어주면서 타잔한테 힘을 실어줘야하는데 1-4경기 똑같은 방법으로 계속 몰락. 진짜 이팀은 심각해. 루키는 6개월동안 안해봤다던 미드아트 꺼내는 발상을 하는데 그리핀은 피드백 자체가 없는팀임.,1
아진짜 속이다시원하다 1부에서 처올려준 씨맥버리더니 ㅋㅋㅋㅋ 8강딱 ㄱㅇㄷ ㅋㅋㅋ 한국팀이지는데 기분 줫나 좋네 ㅋㅋ,1
도란 안나오면 ㅅㅂ 그냥 그리핀 해체해라 ㅈ규남 OOO야,0
솔직히 소드랑 더샤이랑 챔프 바뀌면 초반에 제이스로 케일 숨도 못쉬게 만들듯ㅋㅋㅋㅋㅋㅋㅋ 소드는 겨우cs 앞서는걸로 만족하는 수준이넼ㅋㅋㅋㅋㅋㅋㅋㅋㅋ,1
씨맥말이맞았네 소드대신 도란키워서 롤드컵가야한다했는데 틀린말하나없었음 ㅋㅋㅋㅋㅋ 실력은없어도 정치는잘해서 롤드컵뛰고있는거지 지금씨맥이감독이였으면 도란이선발이였다,1
조씨만 까라 새끼들아 선수들 욕하는건 니들도 그들처럼 똑같은 짓 하는거야 전후사정없이 이미 피해입은 선수들한테 1차가해 가하는거라고,0
그리핀은 그냥 다전제를 드럽게못한다 ㅋㅋㅋㅋㅋㅋㅋㅋㅋㅋㅋ 지금까지 다전제 전패아님???ㅋㅋㅋㅋㅋㅋㅋ 1세트 누가봐도 아닌 오만픽하다 진다음 멘탈은 또 드럽게 약해서 그이후로 그냥 자신감떨어져서 운영이나 컨트롤 흔들려서 떡관광 ㅋㅋㅋㅋㅋㅋ 4번연속 똑같은 패턴 그냥 헤엄쳐서 귀국해라 탑ㅅㄲ는 버리고,0
언제쯤 심판은 제대로할 것인가. 과오를 인정할 것인가. 사람이기에 실수하는건 아는데 너무많다. 스트존도 둘쭉날쭉이 일상이고,1
특히 이승엽은 도대체 왜 나오는지 알수가 없다. 내가해도 너보단 잘하겠다. 니가 한번 니 방송 처음부터 함 들어봐라 이**야,0
그럼 느그 쥐새끼들이 종신계약해 괜히 시장에 풀어서 “똥(설사)”물 만들지말고 ㅎㅎ,0
"오지환씨 이참에 FA미아돼서 은퇴하셨으면 좋겠습니다.돈버는데 지장될까봐 악플러들 고소하신다던데 악플도 있지만 9개구단 팬들과 그밖의 사람들이 이렇게 싫어하는경우는 잘없지 않습니까?이유가 있고 뭔가 잘못됐으니까 사람들이 이러는거 아니겠습니까? 참 야구보기도 싫습니다.이분때문에.아, 한분 더 때문에.",1
오지배 보다 실력 성적 더 족가튼데 은근슬쩍 국대가고 군대 안가고 묻혀서 욕도 안먹고 ㅋㅋㅋㅋㅋㅋㅋㅋㅋㅋㅋㅋㅋㅋㅋㅋ 이딴게 주장인 팀??? ㅋㅋㅋㅋㅋㅋㅋㅋㅋㅋㅋㅋㅋㅋㅋㅋㅋㅋㅋㅋㅋㅋㅋㅋㅋㅋㅋㅋ,0
이샏기 싫어서 김헌곤 중견수에다가 이성규나 이성곤 좌익수 바라고 있었는데 주장? 어휴 억장이 무너진다,0
Kt처럼 경기전 발표해서 타팀 분위기 개씹.창낸거보다 롯데 대처가 훨씬 나은데,0
기자 ㅅ 키 야구팬들을 핫바지로 보나. 어떡하든 깔라고 눈이 뻘개가지고 달려드는 좀비 ㅅ 키들 같다. 기자충들은 당장 명함 찢어버려라. 쪽팔리지도 않더냐. 퉤,0
두산은 두번이나 당했다 한사람도아닌 한꺼번에 두세명씩 델고 가는 모습 그래도 허코치 혼자갔다면 다행,1
수석 코치가 딴 팀 간다고 코시 대충 뛰냐? 무슨 분위기 타령이냐. 게다가 올 겨울 키움의 많은 선수들이 탈 키움을 꿈꾸고 있을텐데 웬 배신자 거짓말쟁이 프레임이냐. 몇 명이나 키움 떠나나 보자. 오히려 코시에 영향 주지 않으려고 발표도 코시 끝날 때까지 미루고 허문회 본인도 떠벌이지 않았는데. 막돼먹은 기자가 지한테 미리 알려주지 않았다고 뿔따구 난 모양이구만. 미리 알려줬으면 미리 떠벌여서 분위기 망칠 건 기자였을걸?,1
ㅈㄹ하지 마세요. 기사 쓸 건 수 생겨서 억지로 기사쓰니 좋아? 공개했으면 ‘잔치기간 중 뭐하는 짓인가?’로 제목 뽑았을 거잖아. 일반직장이건 야구판이건 이직 당사자는 최대한 비밀 지켜야하는 게 정상이라고. 사람 일 모르는 건데 동네 방네 나 옮길 수도 있다고 본인이나 이직 회사가 떠들고 다니는 거 봤어?기자 너도 잘 알잖아? 회사 안 옮겨 봤어?,0
특종 놓치니 ㅈㄹ 임 이 기래기들은 ㅋㅋㅋ,0
그만 하라는 분들 좀 보시오. 왜 공감은 못 얻는가?? 이 사람이 정녕 10년을 자숙했는가?? 방송에만 안나왔지 관련활동은 다 하고 다녔소. 그리고 가수더러 음악하지 말라고 ? 이 사람은 군 문재 터질 때 예능활동만 주구 장창 하던 사람이었소 갑자기 음악인 만들지 말길. 가장 큰 문제는 대중의 인기가 컸던 만큼 배신감도 컸을 것인데 제대로 된 해명조차 안하고 억울하다는 소리만 했으니 욕을 얻어 먹는거요. 군부심?? 헌법?? 군대도 기피한 놈이 무슨 책임감이 있겠으며 무슨 자격으로 헌법상 국민에게 주어지는 권리를 바득바득 다 누려,1
주접그만싸고 입대해! 그럼 니 진정성 믿어줄라니깐! 왜케 강냉이도 없으면서 아가리 터냐!,0
이새낀 갈수롯 유인원이 되가노ㄷㄷ,0
피해자에게도 산건 발생에 상당한 책임이 있다 말이야 방구야...,1
"한남충들 양심없냐? 왜 남자랑 여자랑 동일선상에서 비교함? 맨날 범죄 저지르는 한남충이랑 어쩌다가 범죄 저지르는 여자랑 그럼 같이 대우하리? 이별살인, 데이트폭력, 몰카, 성희롱 저지르는 한남충이랑 당연히 대우가 달라야지; 맨날 성별을 바꾸래 ㅋㅋ 한남충들은",0
남자 연예인들 성범죄 의심만 들어도 얼굴공개하며 난리치면서 왜 여배우는 꽁꽁 숨겨줘? 이런 범죄를 저질렀는데도 여자니까 보호해 줘야 하나? 왜? 그래도 시집은 보내야 해서? ㅈㄹ,0
기자야 이름 밝혀라 저런 범죄자를 그냥 놔두고 배우활동 계속하게하냐,1
얘는 완전 상습범이고 벌금형을받앗는데도 집유? 이게나라냐 연에인들은 더럽게도 구속되기힘들고마 반면 서민들은 바로구속때림 판사실화냐?,1
니들양@아@치새@끼들이 오토바이타고 다니면서 길쳐막고 우르르다니면서 행패부린게 니들이다 뭘알고 상관이냐 지껄이냐 OOO,0
중딩이 풀발기하네 ㅋㅋㅋ 어른대접받고 싶어?ㅋㅋ,0
오토바이 운전자의 잘못 여부를 먼저 봐야함. CCTV같은 거 있는지 조사 철저히 했으면 좋겠다.나도 이전 울산 출장 갔을때 편도 1차선 도로의 1차로에 주차된 차를 피해 4거리에서 우회전하려는 순간 오른팔꿈치 손목까지 기브스한 고등학생이 1차선 오른쪽 그틈으로 파고들어 내 SUV 우측 뒷문짝 후방 뒷바퀴 휀더를 박았다. 그런데 결과는 내가 9 그놈이 1.경찰서에서 내린 판결인데 내가 외지인이다 보니 된통 덮어쓴 거였음. 경찰쇅이 내 차 박은 위치로 봤을때 그냥 9:1할 수는 없으니 우회전 차로 위반이라며 십대중과실 위반이라,1
했는데 그 갓길차를 두고 무슨 1차로에서 우회전을 안했다고 10대중과실 까지 덮어 씌웠는지 열받아 난동피우니 공무집행 방해죄까지 추가하겠냐며 협박. 손해사정사도 내편이었는데 어쩔 수 없었다.,1
"좌회전이 불법이냐???!! 면허증없는 머저리들아 ,,, 출구는좌회전이 없다고말한애는 유턴하는법을모르는 닝겐???!?",0
와서 사과도 안 하냐는 인간들.. 막상 가면 니가 여길 왜 오냐며 멱살 잡겠지..,1
"누구의 잘잘못을 떠나 배달업체에서 일을하던 17살짜리 소년이 죽음이 너무나 마음이 아프다. 어린나이에 용돈이든 생활비든, 그까짓 돈 벌겠다고 시작한 일에 앞으로 어떤 미래가 펼쳐져 있을지 아무도 몰랐을 꽃같은 생명이 던져진것이 너무나 마음이 아프다.",1
정시가 가장 공평함. 수시로인한 부작용보다 정시로인한 부작용이 더 적음.,1
와.. 지금 유튜브와 다른 곳은 계엄령 문건으로 발칵 뒤집혔는데 지금 네이버 타이틀 뉴스 첫번째는 이 기사네? 역시 일베네이년! ㅉㅉ,0
당연히 정시가 비중이 높아야지,1
"아 임기 1년반남았는데 그냥 조용히 좀 있다가 떠나시면 안되나, 매사에 손대는거 마다 폭망시키면서 교육계도 들어먹으려고 하시네.",1
여자가봐도 좀 민망한 건 사실임. 위에 긴티입으면 상관없음,1
쳐다보라구 입고다니는데 보는건 뭐가 문제임?,1
레깅스입고 돌아다니는 여자들 중 정상적인 여자 별로 없음. 대부분 빡대가리들임.,0
자전거나 마라톤하는 남자들 타이즈 입는거갖고 포춘쿠키니 뭐니 하면서 불쾌하다고 ㅈㄹㅈㄹ하는 여자들은 어디갔나요. 오늘도 여로남불! 남자가 핫팬츠를 입든지 말든지 그걸 또 찍어서 인터넷에 올려 조리돌림하는 그 성별!,0
"솔직히 여자가 봐도 민망함.자기만족도,타인을 배려하면서 ,하셔요.결코,아름답지는 않아요.",1
난 레깅스 입고다니면 어때했는데 밥먹으러갓다 블라우스에 레깅스입고잇는여자 지혼자 자신감 쩌는여자를보고 생각했다. 미ㅡ췬.년 진짜 흉측하더라,0
조현천. 자살 당하기전에. 빨리. 신속하게 살려서. 잡아오랏 윤석렬.!!!,1
저새낀 박찬주한테 존나 처맞아야함 ㅋㅋ,0
개검 알바들 많내 ㅋㅋㅋㅋ,0
저 게이 생긴거 봐라.ㅋㅋ호빠 고영태 국민사기녀 윤지오 게이미필 임태훈...좌좀달창들의 우상이자 어벤져스 ㅋㅋㅋㅋ,0
"뭐, 이런 량깔치 같은 넘이 뭐 군인인권센타 소장 임재훈, 참 인물이 없네, 이런 량깔봇 구넝에서 빠진 넘 같은게, 뭐 군인권센타 장이라고, 문좌빨이 무식, 무능하니, 그 쫄따구 또한 같구나, ㄴ무능한 정권,,,",0
떡검은 김학의 때도 저랬지. 추론만으로는 기소할 수 없다고. 애초에 동영상이 있건 계엄령 문건이 있던 다 필요없는 거였다. 특검 받고 따블로 공수처 가야 한다.,0
잊을만 하면나오는 이얼굴누가좀 데려가라 쫌군대안갔다온애들 말은 듣기가 싫다,1
저런 것을 믿을 수가 있어야지,1
특검들어가자,1
돈주고 시민단체 유지시키는 일은 없었으면 한다.,1
똥립운동중입니다~~ 똥립운동,0
헐~자격부터 안되는 인물이 무슨 ~~,1
떵꼬충들 박멸시켜라,0
진짜 좌파들은 가짜뉴스가 패시브여,1
저 게이색히는 저기서 뭐하냐 ㅋㅋㅋㅋ,0
"두드러기 인간과 똥검의 합작, 조원천 소환하면 황교활 낙동강 오리알.",0
저런 기본 의무조차도 이행하지 않는 거지같은 게이새끼들이 나서서 나라를 유린하는데도먹히는 세상이라니ㅋㅋㅋㅋㅋㅋ,0
쌍빤때기 더럽게 생겨 먹었네 ㅡㅡ얼빠진것들,0
문재앙 정권에서나 벌어지는 더럽고 추잡한 현상! 저 동성연애하는 새캬가 군인권센터소장이란다! 항문성교하라고 군대에 전파하는 새캬 아니야? 아 추접스런 정권!,0
조씨부터 잡아들여라,1
조국 가족을 의혹만으로 압색 해놓고?이런 내로남불이 어딨냐 검찰아?배댓 꼬라지들 봐라무려 계엄령 문건인데 저딴 소리들이 나오냐?,1
그래도 제정신 가지신 정상적인 여성분들 덕분에 세상이 굴러간다. 암퇘지 워마드만 보다가 정상적인 여성분을 보니 참으로 반갑구만,0
같은 여자가 봐도 이해가 안된다는데 남자가 보면 어떤 생각들겠냐 인도보다 대한민국이 여성평등지수 낮다고 생각하는 자칭 페미 정신나간 년님들아?,0
사이버 모욕죄는 개정될 필요가 있다. 사실적시에 의한 명예훼손...ㅋㅋㅋㅋㅋ이게 도대체 뭔 말도 안되는 법인지 모르겠네.,1
돈많은 부모 잘만나서 호강하는거지뭐...,1
니가 열심해 해서 니 자식은 돈 많은 부모 만나게 해줄 생각은 못하니?,1
영유아 발달과 보육을 배우는 사람으로써 장담하는데 5살아이에게 머리가 좋다는 이유만으로 이렇게 한다는건 결코 아이에게 좋은것이 아니고 부모에게만 좋은것이다 우리과 교수님도 그렇게 말씀하시는데...,1
"지디 고생했다. 갔다왔는데도 지라알들 ㅉ 안가도 욕, 가도욕! 쫌생이들.",0
지디가 도대체 군대에서 놀다왔다는 근거가 어딨는데요? 지디 동기나 선후임들 썰이 있어요? 아니잖아요 군대 내 목격담이라곤 같은 출신 주원이 칭찬했던거랑 최근에 제대 전에 부대에서 자살예방교육 강사 활동하고 있다는 것밖에 없는데요? 같이 군생활해서 그 모습 잘 아는거 아니면 뇌피셜로 지디 그만 까세요. 당신들이 생각없이 쓰는 악플들이 누군가를 죽일 수 있는 칼이 된다는 걸 좀 인지하세요.,1
관심을주지마 개돼지되는거임 ㅋ ㅈㄴ 마약에 특혜에 ㅉ,0
이자식이랑 같은 부대 병사들은 얼마나 ㅈ 같았을까..캠프도 못 받겠다고 징징거리던 생퀸데,0
대가리가진짜 멍청한건지 제대로 관종인지...그냥조용히닥치고있다가 컴백을하던 뭘하면되는데..왜 스스로 논란을 키우고 욕쳐먹는건지..,0
우와... 그따위로 군생활하고 꼴에 군부심은 생겼나봄ㅋ ... 보통 저렇게 군생활하면 쪽팔려서 이야기해도 피할려고할텐데ㅋ ... 역스 스웩ㅋ 예능나와서 군생활 이야기 좀해봐라ㅋ,1
확실히 빅뱅은 양심 죄책감 부끄러움 이런 감정하곤 담 쌓은 애들인 것 같다...아마 어떤 잘못을 해도 처벌받지 않는다는 자신감일지 모르지. 변호사와 돈은 항상 자신들을 지켜줄 것이고 회사와 충성스런 팬들은 그 돈을 채워주는 금고이자 자신의 든든한 방패니까.,1
미친거아님?ㅋㅋㅋㅋㅋㅋㅋㅋㅋㅋㅋㅋㅋㅋㅋㅋ,0
꼴값 좀 그만 떨어라 ㅋㅋ 군생활 태반이 병원생활에 특박에 외박에 휴가인넘이 무슨 ㅋㅋㅋ 같이 군생활 한 부대원들에게 안쪽팔리냐? ㅋㅋㅋㅋ,0
그래도 얘는 군대라도 다녀왔지 ㅅㅂ 군대안가고 이빨 쳐 뺀 원숭이새끼는 군대도 안가고 노래만 쳐 내는데 얘라고 못낼까?,0
천만 다행입니다 항상 안전벨트하시고 과속은 금물,1
아니 규정속도 안전운전 했는데 멀쩡히 가만있던 톨게이트 구조물을 왜박아??이건 음주 아님 졸음 둘중하나네 철저하게 조사해라,1
사설구급차로 장거리환자 이송을해봐서 그 심정 이해갑니다.저같은 경우에도 고속버스수준으로 매일같이 서울에서 지방까지 최소 100키로거리는 운행하는데요.... 장거리운전 매일하다보면 졸음이 엄청 쏟아져요ㅠㅠ 오늘 문경내려가는데 점촌톨게이트앞에서 멧돼지 15마리 튀어나와서 깜놀했네요..,1
가족들과 잘 어울려 사는법을 알드라. 부모님 선한 인성을 닮은듯,1
"담배꽁초는 바다로 흘러드는 미세플라스틱 [오염원] 중[가장 높은 비율]을 차지한다. 꽁초를 분해해 퇴비로 바꾸는 업체와 계약해 퇴비 제작까지 하는 이유다 싫어요 누르는 병ㅅ = 무뇌아, 에비 에미 칼로 쑤셔가 육회 떠먹고 뼈로 사골 끓여먹고 고증조 할매 할배 장기 기름에 튀겨가 먹고 똥오줌 싸가 그 똥오줌 온 몸에 바르고 육갑 댄스 추다가 국회에 들어가가 전 미ㅊ 식인 패륜아에요 저를 노예개ㅅㄲ로 취업시켜주세요 라고 애걸복걸하다 자한당한테 강간 당하면서 '다메 이따이데스' 이래 개발광하다가 갑똥정액존물 쏟으며 뒤질 인격저능애자새ㄲㅋ",0
ㅗ,0
마시케타,0
애기낳으면 정말힘들어요셋을키우려면살도다빠짐실컷먹고 많이자둬요,1
어른들이 여자 잘못만나면 인생조진다는데이해가 안갔다. 요즘 시대에 고리타분한 얘기라고...실사 교육 ㅆㅅㅌㅊ..,0
화이팅~~♡,1
악플 금지ㅡㅡㅡㅡ 악플 쓰는 너희가 더 무서워. 살인마들아. 제 1의 전성기를 누리려면 살빼고 피나게 가꾸세요. 직업이잖아요.,1
작은나라 인구수네 100만명은 보고싶어도 못보는팬들까지 합하면 나라를 세운다는말이 농담이 아니네.,1
악플들 방탄 개인멤버 기사엔 악플써도 워낙 댓글수가 많아서 금방 묻히니깐 여기에 쓰는거 겁나 애처롭네 ㅋㅋ,1
해외팬들 추운데 와줘서 내가 다 고맙네. 즐거운 추억 많이 만들고 가길,1
나두 내년엔 갈거야... 비티에스 투어 수고많았고 아미들도 이런저런 수고많았어요♡,1
전에 지하철에서 방탄 콘서트한다고 아미들 떼거지로 몰려가는거 봤는데 하나같이 존나 못생기고 뚱뚱하고 안경끼고 안씻은거같은 ㅎㅌㅊ년들이었음 ㅋㅋ,0
정신 나간 뇬들이 득실득실 하겠군,0
아미인 내칭구 이진아!!! 고맙다! 내가니덕에 이번에 중콘봣다!! 내생에 방탄콘 볼수있을지 몰랏다난ㅠ고마워ㅡ계속해줘 army,1
내인생 천칙은 남자에미친여자만나지말구 또 레즈 만나지말자 여자들이 성전환수술반대하는게 지네들 경쟁상대 생겨가지고 반대하는거임 종교적인이유가 어딨어 지가 좋다는데 만나는거지 ㅡㅡㅡㅡㅡ아 갑자기 기분나뻐질려고그러네 ㅡㅡ여자들아 남자밝히지마라 내가 남자였음 여자한테 발로찼다 나 여자 싫어해 나 여잔데 자꾸 오빠 오빠 생각할수록 기분더럽네 ㅡㅡ,0
지디는 뭘해도 간지 나......,1
ㅈㄹ도 병이다겁내 시끄럽게 갔다와서 온 갖 똥폼...에휴 우울증도 있어보인다,0
아이돌은 마치 사이비종교와 비슷한듯.ㅋ 교주님이 무슨 범죄를 저질러도 신도들은 여전히 그를 숭배함 ㅋㅋㅋ이래서 아이돌사업이 돈이 된다는 말이 나온듯 ㅋ물론 팬들중에도 아주 일부긴하겠지만 정신차린분들은 탈덕했겠죠 ㅋ,1
참 피곤하게 산다,1
한게 뭐있다고 인증씩이나...,1
겨우 이걸로 날짜시간까지 예고했냐? 이양반 관종이네,0
생긴거만 봐도 쪽발이다.그리고 넌 조국보다 더나쁜 놈이다,0
유촉새야 ! 니말대로 조국씨 키 정말 나쁜뇸이다 . 그래서 깜빵가야된다,0
홍준표만한 인물 없다ᆢᆢ소신있고 강단있고 앞을보는 선경지명까지ᆢᆢ다음 대통령 꼭돼서 비뚤어지고 갈라지고 걸레쪼가리된 나라 바로세워주길ᆢ,1
한국당 황교안 이넘은 빤스목사 때극기 모독단에 나가는걸 보니 빤스당으로 가고 홍준표가 한국당 맡으라,0
준표야! 꿈을깨라! 니들 개집단들 한광훈같은 개소리하는 광신도집단들한테 표를 구걸하러 다니는데 국민보기에 낮짝부끄럽지 않니?,0
계파없이 지금까지 혼자 힘으로 걸어오신 홍준표대표님 국민들의 힘으로 반드시 이나라 대통령 되셔서 자유대한민국 살맛나는 세상 만들어주세요,1
소설을 쓰세요하도 헛소리해서 아무도 안들어~~~,1
미친,0
촉새!!! 이바구 닥치고 살라니!!!!!!!,0
중러가 왜 난리를 치겠나? 한반도 상황이 급속히 악화될 걸 염려에 두고 하는거다. 미국이 왜 조약을 바꾸겠다고 그러냐? 북한이 핵실험하든 뭐하든 미국이 유사시라고 간주하면 한국군 움직이겠다는 고리고 곧 한반도에 전면전이다. 절대 바꾸면 안된다.,1
"국민의 한사람으로서 타다의 정당성을 잘 알며 타다를 응원하고 지지합니다. 타다, 카풀, 그랩, 우버가 도입되고 소비자들의 합리적인 선택지가 많아지길 희망합니다. 부디 타다, 카풀, 그랩, 우버, 콜밴, 택시 가 시장에서 경쟁하게되고 그로서 소비자가 이로울수있는 시스템이 정착되기를 기대합니다.",1
"지금 타다를 기소하면, 문재인이 하려는 5G, 비메모리반도체 등 인프라부문과 AI, 자율주행 등 대한민국 먹거리는 검찰이 아주 없애버리는 짓이다, 검찰은 대한민국 경제를 죽여서 무엇을 하려는 것인가, 검사 하려면 4차산업, 미래 먹거리 공부 좀 하면서 하면 안되겠냐, 이 무식한 과거지향적 조직들아, 검사들 가족들이 불쌍하다,",1
달랑 중계앱 하나 만들어.소많은 소상공인에 호객수수료 받고. 결과적론 최종소비자가격만 올려놓는 악랄한 장사치 = 이게 니들이 말하는 공유경제냐.,1
대표가 유명한 좌빨,0
택시기사분 분신자살까지 했는데 문가시OOO 타다적폐노무시키,0
사회주의 국가에서는 개인의 자유가 제한됩니다. 문재인의 대한민국에서는 우리 인민들이 감당해야할 부분입니다.,1
[속보] 문재앙 ㅇH미 지옥불에 떨어져 영원히 불타는 뼛가루 되어 온동네 잔치를 벌이며 환호소리가 전국을 뒤덮어~♡,0
아들래미 깜빵간거 안보고 가신것만으로도 호상이네요,0
저 빨갱이가 대통령 되서 국가말아먹어 돌아가신 어머니가 수백명은 될거다. 시체팔이 적당히하고 보내드려라.,0
느그 엄마 장례식 방명록에 ‘고맙다’ 라고 적을 인간은 없을거다. 엄마잃은 문재앙 니새끼에게 실실 쪼개며 쿡쿡 찌를 인간도 없겠지. 망연자실한 너한테 짜장면 한그릇 하고싶은 소망 없냐고 물을 사이코패스도 없을거다. 느금마 명복을 빈다. 거기서 3년상 치르고 서울은 오지마라.,0
돼지 새. 끼들.....,0
문죄인 씹 새끼 네 놈은 북칸의 행태를 어떻게 보냐?,0
돈주고 빰맞고 이거싱 좌빨,0
그런거 말고 시립.도립 치매노인 요양병원이나 곳곳에 좀 지어주소. 치매 부모님 집에서 돌보려니 너무도 힘들고 어디 맡기려니 사립 요양병원밖에 없는데 돈이 너무 많이 들어요. 부양능력이 나밖에 없는데 한달에 백몇십만원을 어찌 감당한단 말이오.,1
싸고도 남지 10연발도 가능,0
여전히 아름답고 멋지세요.꽃길만 걸으시길 응원합니다,1
나이먹으면 무조건 짧은 머리에 뽀글뽀글 퍼머밖에 없다고 생각했는데...머리숱 많으면 박준금처럼 하고 다녀도 괜찮을듯,1
이시간에도 방구석에서 치킨 뜯는 메퇘지들은 또 질투하겠네ㅋ,0
"무죄면 모를까, 유죄인정인데 고위공직자와 작당한 죄가 겨우 1년이냐? 18. 내가 1년 살테니, 우리애들도 거기 취업 안될까?",0
"공정이 시대의 화두가 됐는데, 국민이 는 부릅뜨고 공정한 판결이 나는지 지켜보고있다. 일반인이라도 판결이 이렇게?",1
나어제 알릴레오 봤는데 유시민이 사과할일 아닌데? 오히려 유시민이 그건 성희롱 발언이라고 사과해야한다고 지적하던데? 난 문재인 등신으로 생각하고 조국도 싫고 조국을 웅호하는 유시민도 답답해하는 사람이고 티비조선도보고 jtbc도 보는중립적 입장에서 유시민 잘못한건 없는 언론들은 마치 유시민이 성희롱한것처럼 제목 어그로 끌고 댓글도 거들고 참 세삼 이바닥의 선동질이 이렇게 더렇구나 깨닫고 간다,1
"노무현재단도 조사합시다,자금이 어디서 나오는지",1
그놈의 좌파 민주당이 나라 말아먹고 북한에 나라바쳐 적화통일된다는 개소리는 10년전 dj때부터 짖어대던데.. 왜 아직 자유민주주의국가냐?? 나라는 언제망하냐??ㅋㅋㅋㅋㅋㅋㅋㅋㅋㅋㅋㅋㅋㅋ 피융ㅅ들,0
본방사수 할게요.이진혁 .서장훈 케미 기대됩니다,1
씅 일본 다녀오고 많이 피곤할텐데 오늘도 힘내요!! 오늘도 이쁜거알죠?,1
그만접고 홀로그램좀,1
ㅁㅊ 민규가 할때는 얼빡으로 샷잡더니 아이린이 할때 왜 몸에서 카메라 멈추냐 카캄 ㅈㄴ 더러워,0
아이린 진짜 아무리봐도 질리지 않는 외모다...볼때마다 새롭고 볼때마다 아름답다..,1
아이린 예쁜거 말해 뭐해 하바나는 진심 치명적이네,1
아이린 하바나 백번 천번 만번 봐도 안 질려ㅠㅠㅠㅠㅠㅠ어떻게 저렇게 예쁠까ㅠㅠㅠ,1
개돼지 인증한셈이네.. 욕은욕대로 하지만 음원은 나날이 고공행진.. 하 쪽팔리다,0
진짜 라이엇 중간발표에 줄긋는 추한짓보니까 하태경 없었으면 그냥 넘어갈거 뻔하더라 ㅋㅋㅋ,1
13살차이네~ 아빠뻘이라고 악플달던 쿵쾅이 개돼지녀ㄴ들~ 갈아서 퇴비로 써야 함,0
건모형 나가수는 불명예졸업했는데 미우새는 명예졸업하시네 ㅋㅋ,1
와~~아무리 돈이 좋아도 저런넘이랑 어케 사냐?,0
건모오빠 이제 술좀 끊으세요 이제 아이도 태어날건데 건강이 먼저죠 안그래요?건강은 본인이 직접 챙겨야 합니다 빨리 이쁜 1세 보고싶네요,1
기자 꼬라지봐라 ㅉㅉ 이게 요즘 기자들 수준인가 ㅉㅉ,1
발치몽 피쳐링참여 꺼져라 개념없는 년,0
가인님 문화부장관 표창 축하합니다.,1
예수회 악마새끼들 ^^,0
에휴 그럼 이미지가 좀 나아지나...,1
악플러는 고소미가 답이다...철컹철컹,1
샤샷 화이팅,1
부모가 잘못한건 부모 개인에게 할 이야기지 딸이 왜?,1
내가 어제 이유비 기사에 악플달지마라 나중에 후회하지말라고 달았었는데 악플러들 몽땅 잡아서 후회하게 해주세요 화이팅,1
무조건 적인 악플은 걸러야 합니다. 절대 용서해 주지 마세요,1
못생긴 여자한텐 그렇다쳐도 이쁜 여자한텐 악플달지 맙시다,0
이유비한테 악플을 왜달지?? 부모도 훌륭하시고 이유비 자체도 올바른 배우의 길을 걷는데. 얼평몸평은 아니지만 이유비 반만 닮아봐라. 이 악플러 새기들아!,0
악플도 나쁘고 고소도 나쁘다. 대한민국은 명예훼손죄 부터 없애야 한다. 전세계에서 유례가 없는 악법.,1
잘했어요. 이유비기사 댓글마다 아버지관련 악플 거슬렸는데,1
다 고소해서 콩밥 쳐먹였으면,0
참교육 가자!,1
질투심과 열등감에 빠져사는 그쪽 성별 쿵쾅이들 참교육가즈아,0
악플다는애들은 팩트가 중요한게 아니라 걍 까고싶어서 꼬투리 잡는거여 정실질환이다,0
견미리딸 끄덕끄덕,1
화이팅! 시를 잊은 그대에게 강추♡ 힘이 되어주는 드라마,1
"얜 또 누구냐,,,",1
켁 악플? 주식도 악플인가?,1
무죄 판결 나왓는데 허위사실 유포하니 악플이지 ㅉㅉ,1
기자들 인스타그램 사진 좀 제발 그만 기사화 하세요,1
트와이스 애들은 참 착하고 끈끈해,1
할아버지 시리즈 취지는 좋은데 재미가 너무없어. 다큐가되어버린. 취지는 좋으니 반대는 안하겠음,1
여자가 너무 아깝다 13살차이라니,1
"81년생 쿵쾅 상.꼴.폐.미들아.. 저 여자가 니들보다 얼굴 , 몸매가 딸리겠냐, 머리가 딸리겠냐, 능력, 집안, 학벌이 딸리겠냐.. 그런 여자가 판단해서 결혼하는데.. 열등감 부들거리면서 누가 아깝니 키보드 두들겨대면, 기분이라도 좀 나아지냐 ㅋㅋㅋㅋㅋㅋㅋㅋㅋㅋㅋㅋㅋㅋㅋㅋㅋㅋㅋㅋㅋㅋㅋㅋㅋㅋㅋㅋㅋ 나가서 운동이라도 해 ㅋㅋㅋ",0
여자분 아직 늦지않았어요 지금이야 ㅠ 본인을 위해서도 있지만 이때껏 공부시키고 키운 가족 그리고 전국민한테도 이런케이스 보여주는것 너무 안좋아요.,1
미모도 미모지만 능력도 출중하시당..행복하게 사세요!,1
"와~이렇게 이뻐도 되는 거야., 건모씨, 대박이다~늦은만큼 더 멋지게 사세요.",1
나랑 비슷한나이인데.. 나같으면 지금 솔로된 송중기나 아니면 나이는 좀있지만 공유 같은애들하고 결혼할텐데...쩝,1
찌질년들 건모형 행동보고 저러니 장가 못가지..이러다 이정도 여자 만나서 가니까 부들부들 거리네..ㅋㅋ주제 파악들 하자..,0
두분 행복하세요~♡♡♡,1
"이선미여사님과 이미지가살짝 비슷해보이는데,사진이 .ㅎㅎ",1
역시 남자는 돈만 많으면 남자취급 받는다.진리,1
"문제를 또 의사로 몰아가는 이 나라는 진짜 답이 없네 , 애초 거짓으로 수술 강행한 딸년 애미부터 사기꾼이고 의사랑 사이 좋지 않았다고 모든 다른 간호사들이 하나같이 진술한 그 간호조무사 한명 말 듣고 목숨 살리는 의사를 무조건 다 죽이고 매도하는 국민정서는
진짜 이해할 수가 없다",0
의사들도 그냥 낙태 해주지 마라. 싸지른 새끼들 책임이지 왜 의사까지 피해를 보나...,0
죽여야함,0
그런새끼들 먹이고 입히고 재우는거 다 세금.,0
동의합니다 10년도 짧아요 저런 놈 밑에서 태어난 것도 억울한데 지금부터라도 얘들이 즐겁게 살아야죠 저런 시키는 사형 부활해야합니다,0
"이런 ㅂ..신들이 있는 한 나라가 이렇게 개판임. 지금 아들 딸 찾을 때냐? 하여튼 ㄱ ㅐ 뇌병,신들이 허구언날 뭐만 나오면 남여나눠서 징징거려.시,,ㅂ 색히들 사회분위기 개 ㅈ같이 만드는 쓰레기 분자색히들",0
보빨놈은 물러가라.개 새끼야,0
"한심한 막장 프로불편러 네놈이나 꺼져라.
너같은 놈 차단할 수 있다면 차단박고 싶네.
여기서 남녀를 가릴때냐? 미자 성폭행 자체가 문제지",0
/ 사실을 이야기 하니까 양심이 찔리냐.? 미친 년이 개 지랄이네..,0
"뭐가 사실이야ㅡㅡ
한심한 또라이 놈이:)
정신병원에 좀 가봐라.
인생 그렇게 사는거 참 한심...",0
블로그가보면 가관이네 틀딱이 ㅋㅋㅋㅋ 틀니 영구 압수 땅땅,0
사람새11끼냐 ?? 눈을의심했다,0
인륜을 모르는 것들은 짐승으로 간주하여 도축해야 마땅,0
진짜 미친새끼들많네 지 딸이 여자로 보이나 저런새기가 개과천선의 여지가 있나? 불알을 짤라버려서 성욕이 안생기게 하는 방법 밖에 없다고 생각한다,0
범죄자들이 법을 만드니 법 꼬라지가 웃음만 나오는 수준.....,1
와...아무리 성욕이 일어나도;; 자식인데..;; 친딸인데;; 그것도 7살;;; ...옥살이 평생했으면 좋겠다;; 성범죄 이르키는 새끼들 다 죽어야해;; 망상과 현실 구분못하거나 그저 자제심 부족한애들...왜 사는지;;,0
징역은 무슨 사지를 찟어발겨 죽여도 시원찬음,0
정신나간....,0
아동관련 성범죄는 진짜 한번 맛들리면 계속 한다고한다.ㅅㅂ 보는 색 기 만든 색기 진짜 그냥 좀 죽여라,0
쓰레기 YG,0
양 전 대표와 승리가 불법적인 방법으로 자금을 마련한 정황은 포착하지 못했다며가 아니고 안하거지 븅들아,0
어차피 무혐의ㅋ얼마나 윗대가리들 쳐바른게많음 모든게 무혐의야ㅋㅋ,0
돈다뺏고 불우이웃 기금 으로 사용하고 두놈다 사회봉사 시켜라. 땃땅땅. 국민의 목소리다,0
외쿡에서 도박하는게 큰죄라는게 좀 웃긴다. 솔까 더 큰죄진넘들은 떵떵거리니,0
돈이 있어서 좋은거 마이 쳐먹은께 힘이 남아도는 모양이네,0
양아치 ㅅㄲ들,0
팩트는 본인들 돈으로 도박 환치기 햇다 ㅋㅋㅋ머가문제~???????? 벌금형이 끝인거고 얼마전 4국에 국세청에서 죽음의조100명 추징금조사에서도 타기획사보다 ㅈㄴ 깨끗하게나온걸로 밝혀진거고 성접대는 하지도않았는데 기사가 ㅈㄴ게 접대한것처럼꾸며진거고 ~ ㅈㄴ게 조사했는데도 무협의나왔다고 기사나오는데 여기있는댓글 부정한 놈들은 머임???? ㅋㅋㅋㅋ 어떻하라는겨?ㅋㅋㅋㅋ,0
라스베가스 못가니? ㅅ8 세계 어느 나라에서 도박으로 처벌하니? 나라가 국민을 개돼지로 보니 도박도 통제못하는 OOO으로 보는거다 이 개돼지새기들아. 강원랜드에서 가산 탕진하고 자살하는건 또 뭐라안해요 도박장운영하는 국가에서ㅋ,0
승리는 왜? 자꾸 불구속 조사만 받냐구 자한당아 이 ㅅ ㅂ 놈들아,0
얘네 둘 안 죽냐...? ㅋㅋㅋㅋㅋ 하긴 이런ㅅㄲ들이 바퀴벌레같이 ㅈㄴ 오래살듯 부럽다 씁할람들아,0
사진 보니 왠지 여자 얼굴에서 건모가 보여 어머나 어머나다나만 그런가 소름,1
뭐가 아쉬워서,1
어머나 어머나 왠지 닮었다 어머나,1
난 또 한 10살 차이나는줄? 여자도 39이면 상폐구만,0
"손주같은 애는 낳아야되는데, 건모가 늙어 안되면 안되는데. 건모 닮은 까만 1세 기대됩니다!",1
모야 10살 차이라고 하더니 13살밖에 안나네 축하드려요,1
예쁘다,1
헐 악플 달고 싶은 건 아닌데요 상식적으로 저런 여자가 왜 14살 차이나는 김건모랑? 싶네요,0
뭐..미성년자만 아니면되.요즘 다 늙은 아저씨들 미성년자한테까지 관심있어서 문제야,0
미우새에선 꼭 결혼 못하는척하면서 결국 이런 여성분과... 역시 연예인 걱정은 사치였어 .. ㅜ,1
정말 인연이란 생각이드네요. 가족 모두 봉사활동 열심히 하실듯해요,1
나이차는 적당하네...시대가 어쩔 수 없다...저 정도는 기본이 될 수 밖에...우리의 미래인 일본은 10살 이상 차이가 절반이 넘는다더라...젊은 남자들이 경제력이 없어서,1
김건모 호적은 68이라도 67양띠다,1
13살에 군대있었을때 사탕빨면서 길거리지나가던 초등학교1학년이랑 결혼하는거네? ㅋㅋㅋㅋㅋㅋㅋㅋㅋㅋㅋㅋㅋㅋㅋㅋㅋㅋㅋㅋㅋㅋㅋ 뭐 거의 ㅋㅋㅋ,1
목사님 사위,1
나이는 숫자일뿐입니다두분 행복하실거 같아요,1
나이 차이는 중요하지 않아요 서로에 대한 존중과 신뢰가 중요해요 늦게 만난 만큼 고마운 선물같은 사랑하시길 바래요 ㅎㅎ,1
난 첨에 여자가 집안도좋고 아쉬울거없는데왜 굳이 10살넘게 차이 나는 남자랑 결혼하지?했는데사실 81년생이면 어릴적 김건모 우상삼고 열광했을나이긴하다,1
친오빠랑 닮았네요~,1
난왜 여자분이 아깝지?,1
김건모 중학교 입학할때 태어났네...,1
미나 17살 함소원 18살차이 여기서 ㅂㄷ거리는 여자들 모다?,1
13살 차이면 적지도 않지만 욕먹을 정도의 나이 차이도 아니네. 사랑해서 결혼한거 같고 장인도 축하해주고 감사하다고 하는데 악플 말고 축하해 줍시다~,1
건모형^^축하해요~좋은명곡으로 다시 컴백하셔야죠~~기달,1
건물주라 좋았다,1
신부 아버님 장욱조씨 노래가 좋은 노래가 많네요 실력있는 작곡가네요 김건모씨 앞으로 더욱 행복하고 사랑하며 잘 사세요 하나님께 감사하구요~,1
선미 여사님이랑 닮은듯,1
여자도 그리 젊은나이는 아니네. ............. 결혼 축하해요~~,1
단아하고 예쁜듯~,1
그래도 신부 10대 아닌거 보니까 건모형이 많이 마음썼다.,1
적나라하게딱올려주시네 ㅋ 추카드려요,1
그다지 젊은 나이도 아니네,1
김건모엄마와 이미지비슷하다.. ㄷㄷ,1
아루 아침에 건모선배에서 건모처남...!!,1
나이차 너무 해요,1
건모씨 결혼 축하드립니다,1
여자도 남 부러울것 없는 조건이구만 도대체 왜?갈거면 좋은 남자 만나려고 공부했냐는 소리 듣게 좋은 남자 만나지 왜 김건모 같은 남자를?이건 여자 엘리트들단체로 엿먹이는 짓이지 ㅠㅠ,0
상렬이형도 빨리가자,1
드디어 짝 만나신거 축하요,1
오지라퍼들 개많네 니들이 왜 저사람들을 걱정하고 저사람 애를 걱정해 ㅋㅋ 니들인생이나 걱정해라 왠 오지랖,1
김건모가 돈 말고는 솔직히 음,0
재능이 있고 착하고 예의바르고 ㅋㅋ,1
건모형 56세 아닌가? 남자 나이는 줄이는 여자는 늘리냐ㅋㅋㅋ,1
아깝다 여자가,0
에~라cㅍ~,0
31살차이 같아보임ㅋ,1
여자분이 나이보다 동안이라 나이차가 더 나 보이긴하네...,1
단아하고 참 이쁘네..행복하게 살기를~ ^^ 김건모 좋겠다 ㅎ,1
의외로 나이 차이 적네,1
여자쪽 신상 너무 뿌려져서 부담시럽겠네 ㅋ 건모형 축하해요,1
엄청 미인인것 같네.. 사진을 저렇게 옆으로 늘려놔도 이쁘네..,1
격하게 축하합니다!!~~~~^^,1
건모형 눈이 높아서 안 갔던 거였구나 축하해,1
김건모씨~~ 결혼 축하해요~~ 재미있게 행복하게 사세요~~^^,1
나도 30대후반인데 진심 50대는 진짜 심했다... 친구 남친 남편들다30대인데... 와...,1
둘이 결혼하겠다는데 니들이 더 난리 ㅋㅋㅋ,1
여자나이 마흔도 결코 적은나이는 아닌데...임신출산하기에도 고위험이고..나이때문에 김건모씨가 너무 혜택본다하거나 욕먹는듯하네요,1
이쁘시다 부디 행복하시길,1
김건모 장지연 계탔고 장지연이아까움 최필립 미나 둘이 너무 잘어울림 메갈들의 이중성,0
마흔이면 폐경와서 애는 못낳죠??,1
피아노 치는 취미 특기 대화 이런거 통하면나이들어서 평생 반려자로는괜찮지 않나 싶다..생활습관 이런걸로 살면서 부딪히긴 하는데서로 배려하면서 양보하면서 고집 부리지 말고고쳐나가던 각자 생활에 맞춰각방을 써도 되고..내가 그렇게 결혼 했는데 노총각 생활습관 땜에 좀 힘들긴 해도서로 나이가 있어서 그런지시간이 지나니 독립적으로 사는것도 나쁘지 않은듯,1
솔까 여자측 능력이나 외모정도면 39여도 30초 남자 까지는잡을수있음 몸좋고 얼굴 잘생긴놈으로다가 근데 51의 김건모라.. 이건 돈밖에생각이안난다,1
솔직히 저 여자분 정도면 30초 남자도 만나죠. 전 그냥 취향 특이하다고 생각할래요.,1
친정집도 부자일걸요 ㅎ,1
김건모돈보고결혼하나51서면곧죽을커고상속받아절은거하고걸혼하러고,1
건모형 아니였음 쉰김치로 썩었을뻔했네,0
둘다 윈윈한거지 남자나 여자나 하고싶은거다해보고 결혼적령기 늦게라도 가는건데 거기에 김건모 능력까지되니 윈윈이지,1
김건모가 한때 유명한 가수였던건 사실이지만 나이차이가 심하네..술중독 수준이던데 뭐가 그리 좋았을까나,1
츅하합니다,1
"아이 초등학교 들어가면 아빠는 60대, 아이 10살때 아빠는 80대. 감당이 되나요. 아이 생각은 없는건가",1
응 아이 초등학교 3학년이면 엄마도 50대야~~ 아이 스물이면 여자도 환갑이고...,1
늦은결혼이긴하지만 앞으론 저정도 나이의 결혼도 많아질듯!좋은 선례가 되길바라고..어린여자 찾지않고 서로의 감정에 충실한 두사람의 사랑이 참 보기좋네요,1
"전혀 많아지지 않는다. 성평등시대에 저런 삼촌, 아빠뻘 결혼 줄어들거다. 괜한 망상하지 마라. 대부분 여자들은 너같은 나이 많은 남자 싫어해",0
나 결혼한 아줌마거든요? 세상을 그렇게 삐뚤게만보지마. 보는데로 사는거야. 그런편협한 시선으로 사니 안됐네,1
아줌마ㅋㅋ 아줌마 정신차리세요ㅋㅋ 편협한 시선은 당신이 가지고 있네. 여성인권 뒤로하는 소리하네ㅋ,0
고우시다,1
일반인 얼굴이 왜 연예인 기사에 올라오는거죠? 이건 몰라도 되는거 아닌가요 신상을 왜 공개해요?,1
김건모가 돈만 많은건 아니지 재능에서 오는 매력이 커서 아저씨뻘 김건모 데려오면 난 허락할 듯한데 유머있고 진정성 있고 돈도 있고 더 큰건 재능,1
왜 남의 부인 신상 털고 다니냐 줜나 할일없네,0
엄지척~^^ 두분 예쁜 ♡하세요.,1
곧 슈퍼맨이돌아왔다에 나오겠네요 ㅋㅋㅋㅋ,1
대단하네...아무리 돈이 많아도 50대 아저씨랑은..,1
타인의 스스로 행복한 결정을 나이나 다른 무엇으로 평가를 하는건 아닌듯 합니다.그들만의 공감대가 있으니 인연이 필연으로 이어지는가 싶군요.현대 사회에서는 나이는 숫자에 불가한 듯 합니다.우린 그냥 행복하세요~! 하면 될꺼 같습니다.,1
50대 나름이예요..유머있고 동안인 50은 능력없고 매력없는 30대보다 훨~ 나을걸요 ^^,1
일반인에 대한 상세한 기사..? 기사 범위를 벗어난 것 아닌가요?,1
어린여자 타령하길래 10대랑 할줄 알았더니 생각보단 차이 덜나네...ㅋㅋㅋ 축하드려요,1
아니 일반인을 이렇게 올려버리면 어쩜??? 저 분 생각은안해주나? 기레기ㄴ아,0
"13살 차이라도 10대, 30대는 그러려니 하는데. 30대 50대는 좀 아니다. 특히 여자나이가 39세면 보통 많아야 1살 연상 남자를 만나거나 대부분 연하남 만나는데. 대부분 여자들 50대 남자 소개시켜 준다하면 불같이 화낸다. 암튼 여자분 큰 결정하셨네. 후회하지 마시고 이왕 결혼결심하신거 잘 살길 바랍니다.",1
그나마 다행이다. 91년생이 아니라서,1
신기하네 김건모 엄마닮았다 . 여사님닮음,1
정상은 아니구만,1
난 비위약해서 늙은 쌍폐남은 옆에만 있어도 역겹던데 51세 ㅋㅋㅋㅋㅋㅋ 쌍폐남을 넘어 할배네 ㅋㅋㅋ 틀니 쉰내 오질듯,0
김건모 = 백종원,1
건모 형님 저도 13살 연하의 여자애를 마음에 두고 있습니다. 형님을 본받아 저도 그녀와 꼭 좋은 결실을 맺겠습니다^^,1
백종원 아재랑 소유진도 딱 저정도 차이남왜 여기서 누가 아깝느니 마니 소리를 하지김건모보다 우리나라에서 스펙 좋은 남자 몇명이나 된다고,1
그래도 백종원은 결혼할때 40대였잖아요.,1
사진마다 얼굴이 다른거 같네...,1
행복시작 축하해요♥️,1
여자분이 동안이시라 엄청 어린 줄 알았는데 그래도 마흔 다 되신 분이구나 김건모 이제 한 가정의 가장이니 술 좀 줄여야 할 듯,1
젊고 이쁘고 능력도 출중한 아가씨가 왜? 안타깞네요~ 내가 애비면 절대 반댈세~,0
건모형 결혼 제대로 미모의 13살 연하 능력있는 여자랑 결혼하네 와 대박,1
못생겼네...근데 39살이면 애 낳을수는 있나? 35살 넘으면 시험관아기하는거 아니었나??,1
김건모 얼굴과 나이를 봐라 능력은 둘 다 있다,1
주변에 40대 산모들이 자연임신해서 아기 낳고 건강하게 잘 크고 아이들 몇명 있어요~ 불가능 하진 않습니다~^^,1
저 15살때 첫째 낳을때도 주변 산모분들 나이대가 30~40대 초였어요 불가능하진 않을 것 같아요제 눈엔 여자분 너무 이쁘셔요..,1
이뻐요 건모씨 축하 행복하세요~~~,1
오~~건모형님 ㅋ내와이프랑 11살 차이나는데 이기셨네요ㅋ,1
아 더러워 51살 쳐 먹은 늙은 쌍폐남하고 살면 옆에서 틀니쉰내 오지게 날듯 ㅠ 늙은 쌍폐남 토나와,0
"사진이뿐거 많던데, 이기자는 꼭 옛날사진찾아서 올렸어야했니? 써글",0
솔비인줄~,1
김건모씨 정말 축하드립니다. 행복한 가정 이루시길 기도합니다.,1
금방 결혼하는줄 알았는데 한참 남았넉,1
여자가 너무 아까워 ㅠ,1
건모형~축하해용~~^^이제 건모형도 빼박이고 마누라한테 저처럼 다 뜯기고 살꺼에용~~ㅋㄲㅋ,1
악플 다는사람들 남을 비방하면 부메랑으로본인에게 돌아오니 함부로 추한말들 하지마시길~,1
결혼 한 것도 아니고.. 준비준에 파혼하는 경우도 많은데일반인 신상을 이렇게까지 공개할 일인가,1
김건모 기어코 가긴 가는구나..............ㅋㅋㅋㅋ,1
여자도 나이 많어 노산,1
급전이 필요했다면 이해가는 상황. 아니라면 미친 거임???,0
내년에 결혼한다니 40에 결혼하는건데 애낳으려면 지금아니면 늦는데 미쳤다니요 30대초중반도 아니고,1
그냥 돈을 갚았으면 됐잖아 허위사실이라고 발뺌하다 다른 커뮤에서 과거말 나오니까 고소로 입막음 하려는거 안좋게 보인다 요즘 남돌들 별것도 아닌걸로 고소 난리쳐서 대중들 반응도 반감 장난아닌데 아직도 아런 멍청한 전략이 통할거라고 보나 그냥 빨리 돈갚는게 당장 할일인데,1
뻔히 동거하고 돈 쓴거 당시 주변인들도 다 아는데 차용증 안 남겼다고 이렇게 나온다면 돈 빌려준 사람 진짜 미치겠다... 같이 사는 친구사이 차용증 쓰는 사람 거의 없으니까.. 이거 사실이면 진짜 개악질,0
미혼동거 라 쓴거부터 안좋게 보는듯ㅋㅋ 으 보수적,0
얘는 인기가 없어서 3천도없는고야?ㅋ그냥주고말지 왜일을만들오?ㅋ,0
소년원???? 팀에서 나가 니발로 더이상 구질구질하지말지?,0
티브이에 나오지좀마라 기분 뭐같거든,0
빠수니들 장난아니네 ㅋㅋㅋㅋㅋㅋㅋ 징글징글하다,0
그냥 여자들은 댓글 달지말아라 배아파서 욕한느거보면 죄다 백수 맘충련들임,0
구역질나는 나이차이인데 ㅋㅋㅋ 틀딱아 적당히해,0
김건모가 노래를 못한다고? 미친새1낀가 진짜,0
건모야...임마..내가 니하고 갑장인데 아들 군대갔다..정말로 축하한다..진짜...내일같이 기쁘다...다음은 수홍이 차례인데...좋은 아가씨하나 소개해주라..,1
너왜렇게 깝추냐 하긴 지금 백수니까 저런댓글이나 달겠지 니아들 얘긴 반상회가서 하렴 ㅋㅋㅋㅋㅋ,0
진심 축하드려요 간만에 존소식이네요,1
솔직히 남자 51살이면 퇴물인데 (미안요) 힘이나 지데로 쓰는거 알고나 결혼하는지용? 아직 어려서 몰라서 결혼에 덜컥 합의하신건 아닌지??? 여성분...흠~~~~`````,0
취집성공,0
"이년 존~시~나 정치적으로 낚시질 엄청해대네
계상인지 괴상인지놀다가, 다른놈하고 사진찍으며 관심좀끌었다가
다시 괴상이라고 진알을 하는데
삼촌이 위기일때마다 나타나서, 진알을 해 아주그냥
관심없어 이년아",0
"닝기미 만나든가 말던가
꼴리는대로지 머이 이딴걸 기사라고내냐 기레기야
관심 없어",0
"여담이지만 하늬씨는 원래, 미스코리아 몸매가 아님.
금나나보다 더 뚱뚱한 스타일...
그냥 그렇다고~",0
이 언니 저렇게만 입어도 입쁘네. 왜 그래요.....질투나게♥,1
연예인은 광대지 공인이 아니에요. 착각은 자유라지만 제대로 아시라구요. .,1
노력은 하기 싫고. 행복하고는 싶고... 북한 가서 살면 딱 맞겠다.,1
"이 분은 맨날 아들 데리고 여기저기 프로에 나오시네요. 전에 EBS에서 부모성적표에서도 나와 이제는 아이 닥달안한다더니 또 여기를 나오다니
아이는 알아서 잘 하더구만 엄마가 욕심이 많아요",1
이 아줌마 답답해,0
방송국에서 섭외했겠죠 편당 얼마받는거로,1
별게 다 잘못이다…,1
밥먹는데 어디쌀인지 누가 농사 지였는지 농군은 옳바른 사람인지 앞으로 다 조사하고 밥먹어라 혹시라도 농사짓는 사람이 조국하고 관련 있으면 밥먹지마라,1
돈 안 갚는 것들은 진짜 답이 없다 얼른 갚아야지 뭐하는거야,1
탑보다 더한 약쟁이 빨아주네 띠용,0
"황대표보다 김태흠의원이 더 혁신적임!황대표는 혁신이라는 단어를 모르는가?계속 똥볼만 차는것을 볼때 ,보수 지지층은 황대표의 정치경험과 자질이 의심스럽다.말많고 탈많은 영입좀 하지말고, 10대,30대 ,여성등 다양한 연령과 계층에서인재 영입하라!",1
이길수있는보수통합자기희생이있어야한다~^공천혁명 ~,1
니는?,1
"충청권 재선 의원도 싹다 물갈이 대상이다...모두 초선으로.... 그래야 살아난다..지는 재선이라고 지 묻은 똥은 안보이나.,???",1
태흠아....너 홍카한테 혼날려고 작정했냐?.....홍카가 너 말에 1이라도 귀 기울이겠냐?....ㅁ멍ㅁ멍 개짓는 소리로 들리겠지.....,0
김태흠 의원님 응원합니다,1
탄핵 찬성파61명과 신보라 김현정 같은 얼띠기 비례대표의원 전원 사퇴 부탁한다,1
충남 재선 김태흠 의원은 재출마해도 괜찮을듯 싶다.기득권 지키기가 아닌듯함,1
본인도 불출마 선언하면 주장에 힘이 실릴건데 ㅠㅠ그리고 최대 50% 아닌 최소50%가 진짜보수의 마음일텐데,1
이런 양아치새끼가 별을 단거자체가 잘못된거다 이런놈들때문에 똥별소리 듣는다 교활한놈이나 이놈이나 개낀도낀이네,1
살인마 전두환의 귀환을 보는 것 같다..,1
이 분 뽑아주고 싶네. 진정 애국자인데,1
천안이 험지는 아니지만 ㅡㅡ^ 천안시에 출마한다면 한표드릴게요 민주당은 찍을 생각 없으니까 종북정권 OOO들,1
황교활은 지가 한 말 무조건 1주일 안에 번복하네. 역시나 황교안은 짱교활 ㅋㅋㅋㅋㅋㅋ,0
이왕 이렇게 된거....찬주 형이 황교안 엿 먹일려고 작정한듯,1
"10,30대 들먹이지 말았으면 좋겠어",1
1프로 이하 나오면 정상 5프로 이상 나오면 틀딱들 용돈 받고 찍어준거.,0
"찬주야! 국민이,,,, 특히, 천안시민이 전부 네가 갑질하던 공관병같이 보이냐? 지금까지 갑질해서 모아놓은 노후자금 바닥내고, 죽겠다는 소리하지말고, 손자병법이나 탐독하면서,곱게 늙어라! 알겠냐?",1
멋진...회사일세......................................화이팅입니다..LG,1
대승적인 차원에서 이런거는 박수를 보내고 싶다. 기업의 사회적 공헌 가치창출을 우리 기업들이 100년을 바라보고 했으면한다. 당장 눈앞의 이익도 좋지만 거시적이고 보이지 않는 사회적 봉사로 수십년후의 가치창출이 발생한다는걸 명심들 하길......왜냐하면 이 아이들이 미래의 소비자이기 때문이다.,1
역시 겸손하고 인품있는 집안 혈통은 못속인다. 사랑해요 LG.,1
가전제품은 LG가 최고,1
상속세를 성실히 납부하며 가족 대부분이 현역 복무를 하며 독립운동가를 후원하는 lg,1
문재인 조국 정경심 유시민 공지영 보다는백 배 훌륭하고 양심있는 회장이네 엘지 화이팅,1
구광모 상속세 9115억원 납부. . 이것만 해도 대힌문국에서는 칭찬 받을 만하다. 정도를 걷는 사람한테는 반드시 빛이 있다.,1
토착왜구 꼰대박사모들 배아파서 어쩌나,0
이번 기회에 잠자고 있단 대한민국의 저력을 확실히 보여주자,1
"일본걱정할때냐. 중국에서 1차 반도체굴기 38조원을 투자하고 삼성,하이닉스 직원들 끌어모아 반도체 양산에 들어갔고. 중국은 정부에서 대놓고 보조금을 지원해서 삼성,하이닉스 망할때까지 반도체 만들겠다고 선언함",1
삼성 등 대기업이 얼마나 튼실하고 실력 있는지 보여주는 예시가 되었죠. 솔직히 지금 같은 상황에선 정부가 보다 대기업들 적극 지원해줘야하는것이 맞는 것이죠.,1
자칭 보수 자한당 지지자들. 한국 당장 망할것 처럼 정부욕하고 난리치더니 이제는 또 기사가 JTBC라고 안믿네. 그래 조선일보나 계속 보세요.,1
어떤 토착왜구 전문가들이 그랬지반도체 산업 망한다고일본한테 무조건 빌고 용서를구해 소재 수입해야한다고 방송및 신문에 대대적으로 발표했지그 전문가들 지금도 밥처먹고 전문가라고 으시대고 있겠지? 이 기사보면 뭐라고 할까?,1
사람대하는직업을 가지면 마음으로수백명은 살인을 했다실질적으로 옮기지못해서 그렇지개인적으로 좋아했다 이런사람이 실천하는사람이 하나정도는 나와야 말 조심하게될거라고 본인도 술 처먹은 놈때문에 공무원준비했는데 무산이됬다 죽여버리고 싶었는데 용기가없어 마음으로만 살인을 했다만인들에게 욕을 먹겠지만 너무 좋았다,1
사형제 폐지하자는 정치인들 모두 아웃시킵시다.다음 대통령은 사형 집행하겠다는 후보에게 무조건 찍겄다,1
작년에 노래방에서도 토막났었지. 술하고 접대부 불러 놀다가 돈안줄려고 신고한다고 협박하다가 토막났었지. 진상짓은 하지맙시다.자영업자들 다들 독밖에 안남았다. 근데 죽이지는 말고 그냥 각목으로 몇대 때리고 징역살다 나오지,1
아니 근데 갑질해서 죽였다는 건 결국 살인자의 이야기고 실제로는 또 모르는거 아닌가?,1
왜 우리 세금으로 이런 놈을 평~생 밥 먹여 살려야 하는가..,1
일베는 진짜 사회악이다 벌레보다도 못한 종자들,1
법 믿고 싸가지없이 행동하는놈들 본보기라고 생각된다. 사회생활 하면서 법도 중요하지만 인간적으로 지켜야할 기본적 예의 경우가 있는거다. 얼마나 싸가지 없이 했으면 징역갈 생각하고 죽였것냐?,1
결론은 중국을 믿으면 안된다는거.,1
다른 나라는 그래도 미국은 그러면 안돼지!! 한국과 주한미군을 위해 방어체계 구축하려다가 중국과 사이가 틀어진건데. 그나마 미국 네티즌들이 나서줘서 다행이네.,1
"중국 ,미국, 참 어이없는 놈들이러니 힘을 길러야 하는것이고 단합해야 하는것인데..얼마나 한국이 우스우면 ...힘있는 것들이 더하네",1
중국몽 꾸는 또라이가 청와대에 있으니 나라 꼴이 말이 아니네,0
매번 느끼는 거지만 중국은 땅크기만 대국이지 생각은 쪼잔한 소국같다 ㅋㅋ,1
"회사 사람들하고는 가급적 짧게 만나는 게 최선임, 점심 때 먼놈의 회식, 회사사람 특히 상사가 말거는거조차 짜증나는데 회식개념으로 밥먹구 싶나. 부장은 부장들끼리 처먹던지 꼭 끼어들어서 회식 어쩌고 어깨 힘주고, 아니 법인 카드로 하는건데도 꼭 지돈으로 하는거처럼 힘주고 난리더만",1
밥을 왜 꼭 같이 먹어야 하나? 혼자만의 시간도 필요하고... 회식이라는것도 해봤지만 솔직히 누굴위해 하는것인지 모르겠더라,1
친한사람끼리>혼밥>>>>>>>점심회식>>>>>>>>>>>>>>>>>>>>>>>>>>>>>>>>>저녁회식>>>>>>>>>>>>>>>>>>>>>>>>>>>>>>>>>>>>>>>>>>>>>>>>>>>>>>>>>>>>금요일저녁회식,1
밥먹는데 상사가 업무로 쿠사리주면 소화가 되겠냐?,1
세상 혼자 가는거지 항상 누군가 옆에 있어도 외로움을 느끼고 사는거고 불 필요하게 복잡한 인간관계에 피곤하기 싫은거지 가끔은 서로가 여유가되면 만나서 재밌는... 긍정적인 이야기하면서 같이 보내는게 큰 의미가 있는거지 굳이 억지로 서로 맞지도 않고 디른 목표로 만난 사람끼리 어떤 사람인지도 잘 모르는데 소속감 어쩌고 저쩌고 그러면서 억지로 쓸떼없는 얘기하고 웃고 인생 연기를 하니 스트레스 받지. 이건 특히 우리나라 고유의 집단문화 아 정말 피곤함,1
소 돼지 닭 처럼 한 여물 통에서 같이 고개 숙이고 동시에 다 먹어야 유대 감 높은 회사 임 특히 공무원 그래서 잘못한 사람 따로.. 대신 사과 따로.. 잘못한 공무원이 직접 사과하고..편들기 하는거..저런 무리지어 한솥 밥에서 비롯 된 듯,1
"갑질은 안됐지만, 다니는 직장에서 손해배상 청구받고 계속 다니는 것도 깝깝해 보이네.",1
너도 이제 고만해라~관심도없고 토나온다~,1
미국이였음 수백억 되지않을까나몇억은 멀라도 저금액은 좀약하네,1
돈은 별로 못받았고 고생도 많이 했지만 그만큼 많은 걸 얻었지.. 실속 잘 차렸음,1
손배금을 떠나서 젖먹이 애딸린 사주를 감방에 보냈으면서도 그 회사에서 월급 따박따박 받고 손배금까지 챙기는 강철 멘탈인건 확실함,1
7천만으로도 부족하다 그동안 정신적으로 얼마나 힘들었을까~,1
7천만원이 아니라 7억 배상해야하는거 아닌가? 그동안 갑질에 맘고생한게 얼마인데!!,1
대법 최종심에서 5억원 대폭 인상 판결을 원합니다.,1
단순 수치 비교마세요. 일반고 1등급과 전국자사 1등급은 쉽게 비교할 수가 없답니다. 다들 솔직해집시다. 화만내지 마시고요. 아이가 실력도 되고 전국자사 가고싶어서 노력하는데 가지말라고 하셨나요? 그럼 왜요? 또 서울대는 서류 통과 후 1차가 단순 면접이 아니고 공대는 수학 문제 풀어서 교수에게 설명하는게 1차 시험입니다. 그런 절차들을 거쳐 합격한 거에요. 단순비교로 평가하지 마시기 바랍니다,1
잔인한년이 쇼도잘하네. 저런독한년들 많더라고,0
머리부터 좀 까라... 얘만 털로 다 가리고.. 다른 피의자들은 면상공개 다 하면서,1
코리아 조커,1
저럴려고 수시 하는 거자너.ㅋㅋㅋㅋ,1
"이 ㅈㄹ인데 정시 확대 반대에 , 수능 서술형 도입?? 머리가 장식인가",0
"돈과 권력에 눈이 멀어 옳은 일을 옳다고 말하지 못하고, 틀린 일을 틀렸다고 말하지 못하는 사람이 되지는 말자. 그런 썩어빠진 정치인만 안되면 그 자체도 현 정치현실에서는 성공하는 것이다.",1
좃국을 지지?? 골수 민주당!,0
울며겨자먹기로 떠안았네,1
시민구단 끝났으니 개명 해야겠네..대전 하나이글스,1
둘다 싱글인데..문제될게 있나,1
대전시티즌 우승가즈아,1
냅둬 좀,1
우리나라에잘팔리겠네,1
가방도 로고때문 아니가? 당연한걸 가지고,1
짱꿜라를 처단하신 의인 이십니다~~,0
사과마크만 박아도 똥폰도 100 만원씩 주고 사는 모지리들 나라인데요 ㅎㅎ,0
달마도사냐,1
박창진 왕따시킨 동료들이 더 황당 ㅎㅎ,1
다잡아 족쳐라 이것만 잡아도 너네 까는애들 없다숙명여고 쌍둥이 같은애들한 둘이였겠냐?,1
기사로 봐서는 c d 가 많이 잘못했네 ab는 무죄가 맞다 c 넘은 주먹이 꼴리나본데 나한테보내주라 아주 개박살 아작을내서 목숨만 살려줄테니 목아지를 확,0
우리나라 아파트 뚝딱짓고 대충하니 층가스음 심합니다. 집 짓을때 잘 짓었으면 좋겠네요,1
한마디로 실물경제 개판이라는거지~,1
편의점 운영하는데 구인공고에 글만올리면 하루30명지원한다 일자리가없다 최저임금상승이 나라를 망쳤다,1
다음에는 투표좀 잘합시다!!맘카페여러분! 대통령을 인상좋다고 뽑아주는게 아니랍니다.ㅠ,1
민영화의 문제점이지. 저런건 수익이 안나서 수질검사를 안함.,1
후진국도 아니고. 납이라니ㅉㅉ,1
고작 예능조작으로도 구속인데..조국은 언제 구속되요??,1
이런데도 강행하겠다고? 주작멤들 방출시키거나 그냥 해체해주세요.,1
국회의원 조카중 누군가 탈락했나보군,1
프듀뿐만 아니라 오디션 프로그램 전수조사 해야 한다. 국민을 기망한 죄를 묻자,1
대가리가 있을듯한데 ㅉㅉ,0
"조그마한 힘이라도 있으면 비리,조작이구나!!",1
맘까페 ㅎㄷㄷ... 같은 법리면 쇠고랑 차게 될 맘까페 운영진들이 수두룩...,1
계엄령이나 수사해별 시잘데기 없는놈들이나 잡고있냐,1
KBS SBS MBC 오디션프로도 털어보자!!!!,1
이런게 심각이고 국민 우롱이면 ᆢ 조0은?,1
500 Kg정도면 전술핵 500기 만들수 있는거 아닌가 싶습니다,1
뉴스 창에서ᆢ쪼꾹이가 사라졌네요! 대단한 좌바퀴벌레들이야ᆢ야금야금 이슈 만들어서ᆢ쪼꾹비리를 사라지게 덮으려하네요!,0
이란은 쉽게 건들수가 없지 이스라엘이 건들면 다음날 지도상에서 사라지고 미국 입장에선 사우디아라비아나 살살 꼬셔서 미국 무기 더사게 만들고 터키랑 다시 한번 동맹 관계만들어서 이란을 삼자포위 하는수밖에 뭐 그렇다고 이란이 손들겠냐만은..,1
왜 반대하는지 아나? 돈은 많은데 자식은 멍청해도 돈으로 어느정도 커버가 되었는데 이제 그게 막힐려하니 이 난리인거다. 정시가 답이다,1
수시를 확대해야 공부못하는 정치인 자녀들도 대학갑니다,1
그래서....지금 수시체제에서 잘가고 있나요? 진짜 궁금해서요.,1
수시학종폐지!!! 수능정시100%확대,1
비평준화때가 전성기였음을 좀 깨달아라 충멍이들아. 중학교때 잘 하는 애들 다 서울로 빠져나간다. 누구 때문인지 알겠지? 현 교육감부터 내쳐라. 이제와서 누구 탓이야 대돌가리들아.,1
앱하나만들어 불법 택시 영업하는 것들이 공유경제니 뭐니하면서 대놓고 정부를 겁박하는 이상한 인간들...조국같은 스타일 인간들이 왜 이리 많은지...빨갱이 천지가 되어가네..,1
제대로 취재했네요.타다 사기꾼 입니다 .노동자들의 고혈을 짜서 고객을 모신다? 더러운 윤리관으로 타다를 운영사는 이재웅.반성하고 참회해야한다,1
"제대로 기사 작성하셨네요,,타다기사로 일해본 경험자로서 타다는 돈없고 빽없고 힘없는 기사들 등쳐먹는 곳이며혁신기술도 없고 어플하나 만들어서 공유경제 니 뭐니 늑대탈을 쓴 단순히 카니발로 택시영업하는 곳이 맞습니다...",1
이정도면 이제 인정하자 ㅋㅋㅋㅋ 이것 말도고 너무 많아서 그냥 대놓고 애플은 한국을 싫어함... 이건 앱등이들도 인정할 부분임...,1
"전세계 118개국, 그중에서도 세계정으로 GDP 10위, 아시아에선 중국, 일본 다음으로 경제력도 3위 수준인데, 진짜 별 그지같은 나라들은 다 허용해주고 우리나라만 계속해서 제외하는건 무슨 심보냐;;;진짜 OOO 기업인건 알지만 에휴...이런 BS같은 기업 빠는 앱등이들도 진짜;;;",1
돈들여서 서비스 구축 안해도 알아서 사고 물고 빠는데 뭔상관? ㅋㅋ 애플이 바보냐? 쓸데없이 돈쓰게,1
"넷플릭스가 과감히 뚫고 들어온거지. 애플이 한국 홀대면, 스포티파이도 한국 홀대고, 훌루도 한국 홀대고, 아마존프라임도 한국 홀대냐? 이쯤되면 한국에 문제가 있다는 걸 좀 깨달아야 하는거 아님?",1
전동킥보드 한대값에 해당하는 가입비를 보증금으로 받고 사용시 반납을 확인 받도록 하고 반납을 안할 때는 책임을 물어 보증금을 몰수하는 제도를 시행해야 한다.,1
삼성 갤럭시 써라 아이폰쓰는 개돼지들아,0
문재앙이 뜯어가지 못하게 국민들이 잘 감시해야한다,0
"""쩝쩝. 뺏어서 수령님 드려야겟네. 쩝쩝""",0
워~따 고것도 좀 뺏어서 전라도에 다리 몇개 더 놓는데 쓰도록 해야 쓰것구먼. 쪼까마한 섬들까지 다 연곌 해부러.. 뭐 우리돈이 아닝께.....,1
삼성 : 이돈을 어떻게 써서 미래먹거리를 만들지 고민중. 좌파정권 : 이 돈을 어떻게 퍼줘서 표를 얻을지 고민중,1
있는놈이 돈지랄 한다는데 먼 상관이래 ㅋㅋ 게임으로 현질 몇억씩 하는건 괜찮고?,0
일단 별풍선 준 인간이랑 받은 인간이랑 세무조사좀 하자,1
쏘는 사람이나 받는 사람이나,1
순수한 마음으로 별풍선 쏘는 유저 몇명이나 될까?! 극소수겠죠~ 대다수는 반응해주기 원하고 별풍선 쏘는 거겠죠?! 대가성!,1
호텔입장에서 공원이 생기면 실보다 득이 많으니까 그렇게 결정한거지 결국 다 득이네 삼성입장에선 한옥호텔도 짓고 대문잃는거 하나빼고 진입도로도두군데 생기고 공원도 호텔 정원처럼 쓰고,1
잘 둔 이부진 하나 수 천만의 쩝쩝이 안 부럽다,1
한옥호텔 - 정말 멋진 아이디어.외국인들이 우리의 한옥을 좋아한다던데 화이팅 !,1
"이미 한국 경제는 끝났어요. 문씨 후유증이 향후 30년 이상 지속될 가능성이 높아요. 공공부문을 너무 비대하게 만들어놨고, 지금 국민연금, 건보재정, 고용기금 모두 엉망입니다. 구조개혁에 쓰여야 할 아까운 돈을 각종 포퓰리즘에 다 써 버린 상태구요. 이제 돈 없어서 하고 싶어도 못합니다",1
나라 망하는 줄 알면서 저러는계 부칸과 수준맞춰 공산 사회주의 통일해야지~,1
"분명히 통계청에서 유의사항으로 병행조사 효과로 인해 기간제 한시직 비정규직 근로자 규모를 전년, 전월대비 증감으로 비교하는 것은 불가함을 명시했는데 우리 세계일보 기자님은 또 가짜뉴스 양산하시네요^^ 왜 이러시는 거죠? 애초에 기준이 다르니까 제발 비교질 하지 말라고요 기자님아",1
직원뽑아 일좀시키면 갑질이라고 염병떠는데미쳤야 혼자하는게 속편하지.,0
일자리가 불안정 한 민간 일자리 누가 가냐 될수있음 안정적이고 복지좋은곳 가고싶지 지금 비정규직이 넘치고 것두 열심히 인정받아도 계약 기간되면 나가야하는 그들의 설움의 신경은 써봤냐 그들의 고통의 생각을 해봤냐 이말이다,1
"무능해서 나라는 파탄내고,북한 퍼주기에 혈안이 돼있는 문간첩정권부터 끌어내리자",1
별 개;:-소리가 판을 치는구나... 정상이 아닌 나라다.,0
솔직히 그룹도 해체해야되는거 아니냐,1
별 개 풀 뜻어 먹는 소리하고 자빠졌네.,1
"연습생들 진짜 불쌍. 특히 한혜리, 정세운, JR 종현이 김민규.ㅜㅠ 아쉽게 떨어지고 얼마니 힘들었을거야... 결국 피디픽이라는 말이 정확했던거ㅅㅂ",0
금팔찌가 계속될줄 알았는데..쇠고랑이네~^^,1
이 OOO 국가원수 모독죄로 구속해라,1
가정교육을 못받았구만.. 대통령에 대한 최소한의 예의는 지키세요.,1
그 때 바로 신고하시지 그랬어요~CCTV로 증거를 남기시면 어떻게 해요 귀찮게시리......이건데?,1
"뭐가 문제냐면요.문제의 남자랑 또, 견찰이 문제인겁니다",0
저런 놈은 그냥 잘라라 남자 망신 시키지 말고,1
"법이란 것이 참 그렇다. 억울한 일 풀이줘야 하는데, 억울한 일 안 생기게 하려니 결과에 따라 벌을 준다. 참, 어렵다. 다만 같은 일 계속 저지르면 뿌리를 뽑자.",1
능력안되면 일을 하지마 쓰레기 적폐새끼,0
제발 전문가 장관뽑아라,1
멍멍 꿀꿀,1
개탄스럽다 저러니 쪽바리놈들이 조센징이라고 무시 하는거다 요새 유니클로 보니깐 사람들 다시 많아졌더라? 진짜 개돼지 소리 들어도 할말 없다,0
속보맞네 정말 나라도 팔아먹을인간들많네 일본차 아니면 차가없더냐?,1
세자리 번호판 일본차 브랜드는 교통법규위반하면 바로 신고 들어간다,1
대한민국이다 이게,1
기사나 악플들이나 다같이 수준 이하네,1
그걸 걱정한다는 사람이 나라를 이렇게 이끄냐??,1
본인이랑 다른 의견을 수준 이하라고 보며 무시하고 무엇보다도 배댓 먹는게 뭐라고 이렇게 좌표 찍어가며 조작하는 거보다 한심한게 있을까?,1
ㅇㅇ 님이 제~일 천재임,1
팩트를 눈앞에 쳐박아주니 보기 불편하겠지 재앙을 지지하는 니네가 재앙 그 자체다,0
기사 수준이 이하라는 이유는 뭐져? 통계와 현재 사례에 이용해서 기사 잘 쓰였다고 보이는데요,1
그 잘난 페미 한녀들이 이런 위대한 결과를 만들어 냅니다 자칭 골드미스분들 앞으로도 그 페이스 유지하기를,0
댓글조작이네 다른댓들들하고 순위권 댓글들하고 두세시간 차이남,1
경제사정이 나아져야 애도 낳고 할 생각을하는거지 지금정부가 미래의 정부면애들 낳고싶겠음?ㅋㅋㅋ,1
기사는 고령화와 역 인구피라미드를 걱정하는 글인데 무슨 수준이하인지?? 기사도 제대로 안읽어보고 댓글다는 니들이 수준이하 아닌지?,1
명백한 사실도 인정못하는 좃국이지지자구나,0
저런 걸 1977년에 만들었다니.. 정말 대단하단 말 밖에..,1
오늘 보이저1호에서 카톡왔음.. 저 안보이저?,1
저것도 장관이라고..ㅡㅡ 일을 해봤어야지 뭘하지..시의원이냐? 보여주기식 지겹다,1
일본에 저택이 있고..아들은 미필에 이중 국적...여자 조국인 뇬.,0
기이한 현상 저녀ㅕㄴ은 왜 장관인지??,0
검찰이 끝까지 양심껏 수사해서 대한민국에 정의와 공정이 바로 세워지기를 바랍니다 검찰을 응원합니다,1
조국가족 계좌. 핸드폰 압수수색 해주세요.,1
특혜가 뭐가 특혜인가?특수고가 일반고보다 .대도시에 있는 고교가 지방 군단위에있는 고교보다 당연히 학업성적이 높겠지?모두 평등하게 보라는 교육부가 이상하고 이해가 안가지.대학도 대학별 정시가 그나마 가장 공정 할것 같다.,1
아니 웬만한 특목고 5등급이 일반고 1등급은 될텐데 그게 왜 특혜냐?,1
"시골에 공부 하나도 안하는 학교 1등급과,과학고 외고 자사고 공부 죽도록 하는 학교 1등급이 똑 같으면 이게 불평등 한거지~노력 안하고 전부가 가난하고 평등한 나라 만들려고 공산주의자들 애쓴다~",1
우리 같은 일반 시민들이야 당연히 지지하지. 근데 국가적인 차원에서 뭐라고 할 수는 없지... 아무리 그래도 중국영토라서 미국도 지켜보는 중인데 우리가 뭐라고 할 순 없지,1
홍콩의 민주화를 나아가 홍콩의 독립을 지지한다....미개한 중국놈들보다 자유민주주의와 인간의 존엄성을 추구하는 홍콩인들이 당연히 의식수준도 높고 지성이 있다....홍콩의 민주화시위는 당연한거다..미개한 중국놈들아 너희나라로 전부 돌아가라....여긴 자유민주국가다..사회주의 공산당이 아니다..,1
자한당 국회의원들만 생각하면 왜 꼰대가 연상될까요?,1
"이 시위의 근본적인 원인은 홍콩부동산 때문이야. 미친 홍콩부동산에 불만은 계속 쌓여왔고, 그 불만을 강제로 통제하던 장치들이 느슨해지면서 중국에 대한 자유투쟁을 내세우면서 대의가 나오니 행동한거지. 주거불안과 가난은 사람들을 분노하게 만들고, 아무리 강제로 틀어막아도 구조적으로 망가진 국가는 통제가 느슨해지는간 필연적이며, 대의가 등장하면서 투쟁이되지. 부동산 가격을 잡고, 소득불균형, 양극화를 해소했다면, 시위가 벌아질 이유가 없다.",1
니똥꾸,0
민주당도,1
김태흠의원님 지지합니다 김태흠의원님 말씀이 옳아요! ㅡ> 우리 김진태의원님 좀 많이 좀 도와주세요 김진태의원님 대통령 가즈아,1
"항섹스폰 짐싸고 나가라 사표써라ㅡㅡㅡㅡㅡㅡㅡㅡㅡㅡㅡㅡㅡㅡㅡㅡㅡㅡㅡㅡㅡㅡ선명한 우파 철저한 안보관 공군대위로 [만기 전역한]ㅡ&깨끗한 정치인(돈문제,여자문제,자녀문제 등등 문제1도❌없음)ㅡ자유한국당 잘•한•당(매우매우 잘한당 너므너므 잘한당)ㅡ우리🇰🇷김진태의원님🇰🇷지지합니다 대통령 가즈아 ㅡ> 문빨갱놈 빨리 사형 시켜 주세요 ^^",0
자한당을 기독교화하는 황교안을퇴출시켜야합니다.!!,1
그냥 자한당은 해체해라,1
재선이상 출마자를 뽑지말자,1
졸교안 물러가라,1
잘했다. 국민신뢰를 잃은 기득귄은 물러나고 환골탈퇴하라. 과감한 정의로운 인사를 감행하라,1
나경원은 신안에서 한번 출마하고 황교안은 진도에서 한번 출마하면 어떨까 함,1
박근혜에 아첨했던 당신도 물러나고..,1
뭐 자한당 쪽은 부산 경북지역 지지자들을 중심으로 물갈이 여론이 굉장히 높은건 사실이지.(지역 일도 안하니까) 문제는 그 물갈이를 핑계로 해서 날로 먹으려는 놈들이 있네?,1
천박아~ 니가 가라 하와이~~~낄낄낄,1
넌 뭐냐?,1
보기드믄 양아네 ㅎㅎ,1
주옥순을 영입하라,1
얍삽이. 자기는 재선이라 쑥 빠지고 ㅋㅋ,1
관심없다,1
ㅂ.ㅅ.들모여서.뭐하는당이나.ㅋ.,0
지역감정 조장은 수도권 전멸한다...지식인,1
고개 뻣뻣하게 쳐드는 사진이 아직도 잊혀지지가 않는다.,1
ㅋㅋㅋㅋㅋ 자기자신은 손해보지 않는 개혁안만 넘쳐나네... 진짜.. 이번 선거는 누가 나올지는 모르겠지만 기호 8번이나 9번찍을란다,1
니가 불출마 하면서 이딴소리 하면 존경해줄께,1
역시 손꼽히는 ㄸㄹㅇ 답노 인지부조화가 자유당서도 남다르노?,0
G룰하네. 초재선이 503호년한테 공천받은 탄핵세력인데 지들은 쏙빼네,0
자긴 재선이라 3선부터 기준을 정하네 ᆢ설득력이 이렇게 없을수도 있나,1
지가 뭔데 ㅋ,1
너는 ?????,1
본인 자리가 없을까봐 걱정인가보네 ㅋㅋ,1
니부터나가라!!!!친박은 이제는없어져야할시간........,1
으이구 경상도분들 정신좀 차리셔요,1
자한당을 지적할꺼면 하지 왜 민주당을 엮냐? 허기자 기레기인건 익히 알지만 참,1
이나라는 판사모독죄가 살인 암매장한것보다 더 무거운 처벌 받는 나라입니다.,1
판사님 기분 거슬리게하면 껌하나 훔친 초범이어도 징역30년 받것소 ㄷㄷㄷㄷ 지애1비가 딸 몇년씩 강1간해도 술먹어서 외로워서 그랫다고 판사앞에서 질질짜며 반성한다고하면 징역1년6개월에 집행유예 1년도 나오더만 ㄷㄷ 법은 왜 존재함?? 판사님들 ㄸㄲ만 잘빨면 살1인 강1간해도 집행유예로 겨나오는데 ㅋㅋㅋㅋㅋ,0
어떠한 경우에도 살인은 중죄입니다.시비가 붙었다고..상대가 잘못을 했다고해서살인을 저지르는건 어떠한경우에도 옹호되어선 안됍니다.다만..개만도 못하는 사회암적 존재들에게심신미약이라는둥..감형해주는 판사새끼는분명문제가 심각합니다,1
지금까지 사형당해도 괜찮다고 말한 살인피의자가 한명이라도 있었던가???,1
"피고인들이~~법정에서 매일 머리 숙이는 것을 보다가 정면으로 쳐다 보면서 할말을 했는데,,,기분 나빴니~~",1
"누구의 거짓말이든 권혁수의 대응이 잘못되었다. 지 방송에 출연한 출연자가 실수를 했으면 자기가 어느정도 품고 가는게 맞는데, 그냥 손절 해버리는 모습 보면 알만하지 않나?",1
"쉘리는 원래 브라탑만 있는 프리한 컨셉이라 권혁수 방송에 나가는 거니 의상 물어본거 같은데. 문제는 권혁수 측이 거짓말을 했다는 거네. 같이 협의한 건데 , 논란이 되니 쉘리가 그랬고 본인들은 그런적 없다고 한 건 거짓말이지. 같이 사과문 올렸으면 될걸, 엄한 쉘리만 혼자 희생다했잖수. 나같아도 홧병나서 결국 얘기한다.. 남때문에 내가 굳이 희생할 필욘 없죠. 솔직한게 세상 최고에요.",1
구도쉘리가 시원한 말투에 저 브라탑 입고 한국 시청자들한테 인기 많이 얻었으니까 권혁수는 저 의상이 문제될 거 없을거라 생각한 거 같은데? 둘 다 이렇게까지 대차게 까일 정도는 아니라 봄 애초에 구도쉘리가 브라탑 입고 방송하겠다니까 거기에 재미를 더 하려고 티를 입었다 벗으라고 했던게 무리수가 있어보이긴 하지만 재미를 더 하려고 연출한걸로 이렇게까지 나락까지 보낼 일은 아닌듯,1
너도 다른댓글보니 기자들 1차가해 했네. 누가 누구보고 뭐라하는지 원^^,1
어쩌라고 ㅋㅋㅋㅋㅋㅋㅋㅋㅋㅋㅋㅋㅋㅋㅋㅋㅋㅋㅋㅋㅋㅋ쿵쾅쿵쾅꾸웨웩ㅋㅋㅋㅋㅋㅋㅋㅋㅋㅋㅋㅋㅋㅋㅋㅋㅋㅋㅋㅋㅋㅋㅋㅋㅋㅋㅋㅋㅋㅋㅋㅋㅋㅋㅋㅋㅋㅋㅋㅋㅋㅋㅋㅋㅋㅋㅋㅋㅋㅋㅋㅋㅋㅋㅋㅋㅋㅋㅋㅋㅋㅋㅋ,0
어쨋든 1억달러 넘을 것 같다 경쟁팀 많아서,1
저건 국제적 압력 넣어라 맨날 미국 중국 일본한테 쳐 맞기만 하고 우리도 압력좀 넣어라,1
아주 지들끼리 지랄들을해요ㅋㅋㅋㅋ남자들 몬스터엑스 아무 관심도 없는데 옹호하긴 뭘 옹호해 ㅁㅊ쓰레기같은 한년들아ㅋㅋ,0
Zㅋㅋㅋㅋㅋㅋㅋㅋㅋㅋㅋㅋㅋ 3000만원 은행에 넣어놓고 6년 만에 예금이자 혹은 적금 500만원 주는 데 있으면 나도 좀 가르쳐줘...재테크 좀 제대로 해볼랑께 ㅎ,1
이자나 따지고 있고..이러니 개 돼지라는 소리나 듣고 앉아있지,0
대마도 대마지만 지 친구 물건 훔쳐서 중고나라에 판건..정말 질 안좋은 쌩양아치..그지같은..,0
기획사가 다같이 죽기보단 한명만 팽하는거 택한거같은데 한명만 말고 다같이 죽어보자는 몬베베ㅋㅋㅋㅋ 진짜 너무 재밌닼ㅋㅋㅋㅋ 정말로 뭐가 더 어마어마한게 터질게 남아서 혹은 타멤도 감추고 있는거 있는데 셔누처럼 터질까봐 꼬리라도 자른거란 생각은 안해봣니 몬베베들앜ㅋㅋ 난 그냥 쟤네 저러다가 한서희가 더 풀었음 좋겠다 정신차리라공,1
이러니 ㅈㄷㄹㄱ같은 애들도 떳떳하게 잘 나오는거짘ㅋㅋㅋㅋㅋ빠순이가 뭔짓을해도 우리오빠는.아니얌!!!!!!! 믿어요!!!!! 하면서 즙짜내니깐ㅋㅋㅋㅋ,0
유부년인거알고 진작에연락끊었으니 그건상관없음 이제 불륜이라는 꼬리표를때야지 애초에 기레기들이 제목 자극적으로뽑은것도한몫함 그리고 유부녀인거 알고만난거랑 모르고만난거랑 천지차이지 월드투어도는애가 결혼한걸어케알아 투어다니느라 연락이 뜸할텐데ㅋㅋ모를리없다는건 일반인이나 일없는연예인이고 상식적으로생각해봐 미쳤다고 월드투어도는 인기아이돌이 유부년만나냐 그냥 연애해도 타격이 큰데 그냥 재수없게운이 나쁜거지이경우는 사기당하는사람들은 알고당해? 속이니깐 당하지 결혼전에 만났으면 속이고도남아 그만 모함해라ㅉㅉ셔누도 남편새킈도 피해자임 ㅉㅉ,1
"쟤들은 이제 어차피 좆망각인데 마약한 애들, 베컴 기다리게하고 사과 한 번 안한 애들 아직도 빨아 제끼는 와이지 빠순이년들이 더 문제지",0
시fire년들 많내,0
이래서 빠순이들이 무서운거다. 옳고그름 판단 자체가 안되거든..,0
쟤 저지른 특수절도란게 길 지나다가 동전 있길래 주워서 주머니에 쓱 넣는 정도가 아니라 흉기처럼 남을 상해입힐수있는 무기를 무장하고 계획하에 남의 집 유리창 깨고 침입해서 상해입히고 재산 훔친 수준이어야지 됨. 한마디로 싸이코패스 새끼가 아이돌 된거임 ㅜㅜ 소년원도 갔다던데 왠만한 짓해선 거기 못간다. 보통 보호감찰로 끝나지 소년원간거는 ㄹㅇ 걍..ㅋㅋㅋㅋ 더이상 말하지 않겠음^^,0
팬들이 안쓰럽긴 하지만 ㅡㅡ 아닌건 아닌거다 ㅜㅠ,0
특수절도면.. 일반 절도가 아니라 야밤에 흉기들고 가게털거나 해야 특수’ 절도라는 말 붙지 않나요?,1
한녀들 진짜 별 것도 아닌 걸로 틱틱거리네ㅋㅋㅋ,0
이집 갑질에 허세 재벌인줄 안다고함 ㅋㅋ 학력위조까지햇엇구나 ㅋㅋ 댓글들이 장난아니네 일반인기사화 하지말아요,1
청소년 여러분 잘 보세요~ 결국 이거예요.학창시절 어떻게 살았느냐에 인생이 달렸습니다. 개차반 일진놀이로 즐겁죠? 제일 잘 나갈 때 부메랑이 되어 날아 올겁니다.,1
훈수충 틀딱들 극혐이네 ㅋ 이런 훈수충 틀딱특) 학창시절 찐이었음 ;,0
용식이 엄마 젊었을때 연기하신분 연기 너무 잘하심,1
동백모녀 행복한 결말 보고싶네요 엄마는 죽지말았으면...,1
"g,랄 하 네 수 구 꼴 통 사 이 비 광 신 도 일 베 들 ㅋㅋㅋㅋㅋ",0
니들당은 어쩜그리도 하나같이 멀쩡한 인간들이 없니??,1
죽탱이 한 대만 정통으로 갈겨 봤으면...,0
조국 털듯이 똑같이 좀 털어봐라.,1
와 진짜 이 개 ㅂ ㅅ ㅅ ㄲ 면상 쫌 올리지 마라,0
아니라고 난리치더만..비리당자한당이 뭘하든 이제 우습지도 않다..영화보다 더한일을 만드는게 자한당 특기니깐,1
당당하게 KT에 입사 했다고그렇게 떳떳하면 혀 깨물고 자살하면 인정 해준다쓰레기 자한당,0
아니떈 굴뚝에서 연기나나지가 뿌린거 거둘때가 된거지그렇게 처지를 바로 알고 행동을 좀심하지,1
추하다 성태야,1
비서관 말이 가관인데..? ㅎ 급했구나 성태..,1
진짜 뭐든 열심히해서 호감일 수 밖에..,1
이 커플이 소속사 허락받고 여행다닐 나이와 위친가?ㅋㅋ,1
정연아 생일축하해 행복한 생일보내,1
우리 백호 자랑스럽다 첫경기라고 안타 기대도 잘안했는데 역시 우리호 앞으로도 많이배우고 더 잘해져서 와,1
진짜 이런쉑들때문에 딸내미 키우기 무섭단거임 거세도 하고 다리몽댕이도 분지르자...,0
넌 누구냐..호루.쉑.갸...돈은있고....,0
방송봤는데 얼굴은 손예진처럼 예쁜데 손은 맥가이버.. 조명이며 공구다루는게 완전 매력 철철넘치고 진심 멋있기까지..팬 되버렸네요!! 경수진씨 이 기회에 제발 떴으면 좋겠다!!,1
존잼ㅋㅋㅋㅋ규현 은행부터 은지원 마늘뱉는거랑 송민호박ㅋㅋㅋㅋ신서유기때문에 일주일을 버틴다 ㅎ,1
이댓 저댓 짜집기 복사하는 ㄱㅐ지박령 ㄱㅐ한심 ㄱㅐ극혐 ㅉㅉㅉ,0
이샞끼 피씨방살인자가튼 놈이다. 정신병있고 집착증 ㅈㄴ심한샞끼다. 너 진짜 충고하는데 정신병원 꼭 가봐라 안가면 사람하나 찌른다,0
완전 최고의 힐링 예능ㅋㅋㅋㅋ. 다들 케미가 쩔고 하나같이 매력이 터지고 웃김ㅋㅋㅋㅋ.,0
뻔한 거짓말로 북한의 핵 미사일로 부터 안전하다는 말..ㅋㅋ,1
저뇬 상판 증말 지겹네 ㅅㅍ,0
이번 정부 관료들은 전부 왜이리 싸가지 없지,1
강기정 언젠가 부터 지가 대통령이야 ㅎㅎㅎㅎㅎ,1
"정의용, 노영민, 강기정 같은 ㄱㅐ1 8 빨갱ㅇㅣㅅㅐㄲㅣ들이 말하고 행동하는게 다 그따위지, 돼먹지 못한 말종들 상대하지마라",0
나경원 vs 이언주 우기기로 누가 이길까 ㅋㅋ,1
나경원이 이쁘니깐 거지들도 말한번 걸어볼려고 막달려드네,1
우엑 저런 늙은이를,1
돈 ㅈㄹ은 제일 많이 하는데 성적은...,0
매년듣던소리 지겹다,1
"장난 하냐 기레기야!! 작년 FA중 양의지, 최정, 이재원 이 오버페이다 무슨 '작년에도' 냐 !! 바보 멍청한 기레기 놈",0
핵보다 무서운게 해킹이라는 말이 언젠간 나올텐데,1
휴대폰 가지고 있었다는 사실에 인신매매보다 밀입국에 의심이... 불법 밀입국이었다면 애도뿐 아니라 비난도 하고싶네요.,1
한심한새ㅡ끼 ㅋㅋㅋ,0
개빻은 무쓸모 한국여자도 컨테이너실어가 부산항서 쪼까내자ㅅㅅ,0
얘들아 폰팔이애들 대부분이 고졸이거나전문대야 통수치려고할때 니들이 법조항드립만쳐도 걔들은 무지해서 통수못쳐,1
악플 요즘 선처없던데 먼저 쇠고랑 차실듯!!,1
논란되니 군대로 튄세끼ㅋ,0
눈이 고자냐?밑에서 찍는데 순바닥 안보일 재주있냐?ㅋㅋ흠잡을거 없으니별 개ㅅㄹ 다듣네,0
군대 도망간적 없으며 영장나와서 간거랍니다. 악플러 부들부들 그만하시고 특공대에서 멋지게 전역한 정용화에게 박수를 쳐주세요,1
ㅈㄹ,0
여기도 확실히 정상은 아니야...,1
개쌉에반데 ㅅㅂ,0
그리핀도 키움도 준우승감독 자르네,1
구단이 재계약을 포기한건데 왜 다들 잘랐다고 표현하냐 ㅋㅋㅋㅋ 키움 또 돈부족한가보지.,1
SK 1년만에 명투수코치 뺐겼네.... 이제 내리막길 시작하려나...,1
롤 역사상 최고의 피지컬이지만 커리어는 ㅋㅋㅋ,1
최악이다 깔끔하게 조작순위 다 밝히고 다 해체하고 이젠 오디션프로 하지마세요,1
ㄴ지랄하네 러버이 픎탄들이 다른걸그룹개까면서 아이즈원에서도 즈그 러블리즈빠 픎탄들이 좋아하는 김민주 김채원 올려치면서 장원영 김구라라고 욕하고 은비누나보고 틀딱이라 욕하고 트와이스 블랙핑크 레드벨벳 등등 다 욕하는곳인데 딱 야갤수준 시궁창인데 무슨 ㅋㅋㅋㅋㅋ 난 너희째문에 망블리즈 프로미스나인 김민주 김채원 악의 4천왕 증오한다,0
너희 일베충 걸게 야갤러들은 울림알바라며???,0
"멜론 음원 차트 조작도 좀 구속했으면...처음보는 듣보 가수가 맨날 술,이별 타령하며 뻔한 발라드로 차트 1위하는 꼴 그만보고 싶다",1
오늘밤 구치소는 너야너~~,1
"아니 투표가 문제가 아니라 첨부터 이상한 거에요. 특정 연습생 밀어주기, 각종 특혜도",1
Cj 계열사 레이블 소속 연습생들 의심이 안갈수 없네 그동안 시즌 다,1
해체해야함,1
안좃영 이새키는 아주 악질 새키여 ㅋㅋ 꼬리가 너무 길었어 프듀 원부터 전시즌 대국민 사기의 주역 중형으로 처벌해야 마땅하다,0
저 분이 당신들한테 피해를 주었나요? 금전적인 도움을 청했나요? 악성 댓글 남길 시간에 스스로에게 투자 해보세요,1
"비스는 개듣보, 개쩌리 집합소",0
존못돼지,0
이시퀴 그냥 관종인게야 ㅋㅋㅋ 관심받고싶어서 저딴말쓰고 누가 나한테 말좀걸어줘요 하고 애교부리는거라곸ㅋㅋ,0
두분 그냥 경찰서가서 싸우고 결과만 기사로 알면 안될까요? 이상하게 알고싶지않네..,1
이빠이 치장한건데 뭔 내츄럴 타령이야. 보석에 저런 드레스에..ㅋㅋ,1
너는 윤지오알바냐 빈신새갸ㅋㅋㅋㅋㅋㅋ,0
얼평하고 앉앗네ㅋㅋㅋ 그래봣자 님들은 임세령 발가락 때 수준ㅋㅋㅋ,1
어려서부터 클때까지 어찌 생겼는지 전국민이 다아는데..애비닮아 저러나...,0
"미국에서 대학 나왔다고 사기치고 변호사 라고 사기치다 걸려서 이혼당하고 쫓겨난 년이 이제는 한국넘들 등쳐먹으려고 한국에서 변호사라고 사기치네, 개돼지만도 못한년",0
"미국에서 대학 나왔다고 사기치고 변호사 라고 사기치다 걸려서 이혼당하고 쫓겨난 년/이 이제는 한국넘들 등쳐먹으려고 한국에서 변호사라고 사기치네, 개돼지만도 못한.년/아, 한국넘들이 그렇게 만만하게 보이냐 ? 니가 진짜 미국 변호사라면 한국에 기어들어가서 비굴하게 사기치면서 사니 ? 니애/비 서세원이가 몹씨도 불쌍하다,ㅎㅎ",0
많이 불안정한 모습이에요. 빨리 안정되시길,1
생각이 걸레네 자식새끼 ㄱ같이 키운 니 아빠나 신경써라,0
참 인간도아닌것들그저 악플다느라애쓴다구혜선이 뭐가정신이나갔니?니들정신이나챙겨부모까지욕하는인간말종들,1
얘도 가만보면 갈수록 관종짓을.....;;,1
에휴... 이런병은 약도없는데...,1
누나 사랑해요,1
어짜피 피디도 구속된 마당에 엑스원이 계속 이대로 가는게 의미가 있을까요 상황이 더 안좋아질텐데 우리 원잇이 대책을 좀 세워야하지 않을까요 원잇들도 의견이 다 갈려서ㅜ어떻게 해야할지 막막하긴 하네요 그치만 이대로는 진짜 안될것 같아요,1
대한민국이 케이팝을 스스로 무너트리고 있다,1
"??? 아니 도대체 이새기는 뭘 안다고 짓거리냐? 9살때 한국으로 다시 왔는데 11살에 역사교육을 받는지 안받는지 무슨 근거로 확신하는데?내가 독일에서 10년째 살고 있음 ㅇㅇ 3살부터 15살까지 나치 교육 받는다 ㅋ 왜 자신들의 국가가 반성해야하는지 교육한다. 그리고 15살부터 본격으로 깊게 독일 역사에대해 교육한다그리고 외국인, 이민자, 난민 출신들이 독일에서 학교 다니려면 독일 역사 시험 공부후에 입학시험본다",0
노조 없는 삼성 응원합니다~ 노조하고 싶으면 삼성퇴사하고 노조 있는 회사 가라.,1
노조들이 회사 말아먹는건 어떻게 할건데? 자금도 아이디어도 욕망도 없는 월급쟁이들이 그냥 엄청난 완장 찬것처럼 노조쟁이짓하는것 보면 대체 누가 주인인지 몰것다,1
노조없이도 최고의 성과를 내는 삼성에 꼭 노조를 만들어야 하는가?,1
노조가 대한민국에선 정치인이냐? 정치를 하게! 뭔가 많이 고장난 나라다!,1
삼성에 노조 허용 했었어 봐라. TV나 만들고 말았겠지! 노조 있는데 보다 월급도 훨씬 많이 주잖아? 뭐가 문제야?,1
실형은 어리석은 판결입니다. 멍청하게 곡 따라 해석하지 말고 지혜있는 노래를 불러라.,1
노조들이 회사 말아먹는건 어떻게 할건데? 자금도 아이디어도 욕망도 없는 월급쟁이들이 그냥 엄청난 완장 찬것처럼 노조쟁이짓하는것 보면 대체 누가 주인인지 몰것다,1
자유대한민국을 노저 없는 나라로 만듭시다.~!!!정치는 삼성 경제에 발꼬락 때만도 못하다.,1
상을 줘야지 망해가는 현대를 봐라,1
"문정부가 태생이 노조가 촛불집회로 만들었고, 앞으로도 써먹어야되니.. 노조가 왕이지",1
노조가 없기에 삼성이 잘나갔다.,1
삼성 엘지 현대 깔끔한기업 누구고?,1
외제차 대비 가성비 최고다,1
진짜 정치가뭔지도모르는인간들대핫민국 미래가 암흑하다 진찌 구역질나는 정치인들 티브이에 아나왔으면 좋겠다,1
맞는 말씀입니다.....부디 이나라를 ㅈㅃ에서 벗어나 자유대한민국을 만들어 주세요....!,0
육사를 선택했던 사람들은 어떤 부류일까?,1
저런 인간을 섭외한다는 발상이 ㅜㅜ,1
저거 얼굴 자세히 봐라 독종처럼 상겼다 생긴대로 논다더니 ㅋㅋㅋㅋㅋ,0
"맞는 말씀... 좌빨, 주사파 모두 삼청교육대 보내서 정신세계부터 깨끗이 청소시켜야 한다. 아님 북으로 보내던지~~~~~~",0
"황당은 개뿔..요즘 삼청교육대 필요하지 않나?그냥 깜빵에만 쳐박혀있는 유영철,조두순,고유정 같은악질 살인자들,미성년자 성폭행범들,사회질서 파괴사키는 놈들..",0
"구제불능.꼴통, 철면피, 왕싸가지 . 잘못된 개독 동질 스타일",0
마누라나 집구석 관리부터해라!!!,1
원래 인성이 인간이 아니였던 것이라 인간 되기를 거부하네 공관 갑질 잊지말자,1
인사참사 인사참사 하더니 니들은 인사 참담이네 ㅋㅋㅋㅋㅋㅋ,1
이완용 욕하지마라. 이완용은 돈이라도 받고 팔아먹었다....돈주고 팔아 먹는 세끼들....,0
거지들 할인해준다고 냉큼사냐 국적 바꿔라,0
아무리 강제적인 불매는 아니라고해도..싸게 해주니 불매운동이고 뭐고 없네. 한국사람들 좀 부끄럽다.,1
일본은 한국차가 얼마나 있는지 생각좀 해보고 사시길~~ 자발적 선택이긴허나 자존심을 지켜주시길 바래봅니다.,1
현대기아차 쌍용차야 이때다. 언능 너네도 세일해라. 일본기업보다 더싸게 니네 브랜드 이미지 상승 충분히 가능한 건수다. 국민들도 싸게사고 얼마나 좋냐,1
얘네 우리차 거의 안사 바보짓그만,1
싸게 줘도 일본 맥주 안마시는거센 불매운동으로 한국서 영구 퇴출시키는게 답이다...,1
뭐지? 판매시작한 편의점 어디죠? 불매해야겠네,1
공짜로 줘고 안먹는다.,1
광고 쟁이 기레기,0
"차 많이 타봤지만, 현기차가 젤 좋음. 미국차가 젤 안좋음.",1
"서민층의 꿈,,그랜저,,,,",1
습관적으로 현기차 조롱하는 사람들이 있는데 그랜저 좋은 차다. 아내 차가 그랜저 HG 하이브리드인데 하이브리드 치고는 연비에 다소 아쉬움이 있지만 승차감이 동급 수입차보다 좋다. 충분히 만족할 만한 차인데 이제 디자인도 업그레이드 됐으니 좀 인정해 주자.,1
사이비교주에게는 매가 답이다. 징역형과 함께 곤장으로 매우 쳐 줬으면 한다.,0
이 아줌마는 주리를 틀어야한다,0
수백명의 인생을 망친 악마한테 달랑 7년 구속이라고 판결내린 판사을 정신감정 의뢰.하자.,1
"양심이 있으면 니가 한말에 책임이나 지고나서 지껄여라.조국일가 수사는 검찰이 잘못한거고,정경심은 억울하다며?법원에서 구속영장 발부하고,조국동생도 구속되었으면 니가 한말에 책임지고 반성하는 모습을 보여야지.니가 제1의 윤지오냐?",1
괜히 이혼을 세번했겠어? 타고난 트롤러ㅎ,0
기자씨 이런 여자 기사 그만 올리세요 짜증나요.,1
내가 왕이 될 상인가. 아니요. 여왕의 첩이 될 상이옵니다.,1
그래서 10억넘는데 어쩌라고,1
10억짜리 보석했어도 미안하지만 그냥 아줌마로 보임,1
있는넘들의 세계,1
아이도 칭얼대고 남편은 담배 피고 올라온다고 자리를 비웠는데 음료 쟁반도 들고 있고 정신이 없었다 -> 이게 이유가 되냐....퇴근하고 친구랑 커피 한잔하던 옆사람이 왜 당연히 네 불편한건 해결해줘야 하는거냐??,1
ㅋㅋㅋ 자기가 봉사한다는 생각으로 하면 되지 ㅋㅋㅋ 퇴근한 직원한테 뭐래 ㅋㅋㅋㅋ,1
"난 이하늬 매력있어서 좋음!. 최근 연기도 잘하고, 맡은 배역 소화도 잘 하는것 같고..화이팅 하세요~",1
이 누나 진짜 다 좋은데 문희상 조카라는 사실은 함정.,1
지자체의 국민세금 축내는 천태만상 축제도 정리좀 합시다~,1
서울시 폐타이어 조형물은 왜빼?,1
혈세낭비.책임지는 사람없고 돈번 사람만.,1
한국 같이 미적 감각 떨어지는 나라가 무슨 놈의 조형물이냐 ㅉㅉ 두번 다시 만들 생각하지 말아라,1
강기정한테 당하고 분해서 밤새 이불키하는라 잠못자고 홧병났구만.,1
설사병났나보네 저년,0
배달대행 요즘 월500은 그냥번다는데 나도좀해볼까,1
거리의 무법자들... 하 노동자들을 무시하는 것은 아니지만 너희가 법의 보호를 받아야 된다면 시민들의 안전을 우선시해서 제발 좀 안전운행 좀 하자. 벌레같은 것들아,0
좃토바이 타고 도로에서 ㅈㅣ라ㄹ좀 ㄴㄴ,0
보는 눈이 많아서 도망을 못갔단 얘기네... 후진넘,1
쥐똥 닭똥들이 어딜가나 설치네ㆍ뉴스마다,0
핵무기 많이 만드시라고 동포인 우리가 도와야한다는거네요 옛날에도 거의 망해갈 때 돈 퍼주어서 도와주었죠 아주 인도적이고 감동이네요 조만간 북에서 고맙다고 핵무기 쏴주면 불꽃 휘날리며 축제가 열리겠네요 미리 축하요,1
가서 총맞으면 누가책임지노?? 우리국민도 못챙긴주제에,1
다시는 왜국과 타협하지마라,1
잘됬네 쪽바리 물건 수입 하지마라그리고 일제 차 옷 사는 쉐끼들 세우조사 해라,0
댓글중에 대한민국이 죽고 들어가야 한다는거 많았지 근데 일본은 이런식이잖아 그래서 다수가 일본한테 굽히지 말라고 한거다 제발 일본이란 나라를 잘 생각해봐라 근성은 안바뀐다,1
불화수소 일본업체 죽을라한다던데 설지 통째로 한국에 옮긴다고도 한다더만 삼성은 탈일본 확실히하는거같고 액체도 국산화나 다른루트 찾아야함,1
비메모리만 투자하지 마시구요.. 쓸데없는데 세금팡팡 쓸돈 모아서 빅데이터에 투자좀 하시죠 ;; 이답답하고 무식한 할아버지,0
"한국은 빅데이터를 정부부터 외면하는데 기업이 만들어 지나...원하는 지표로 통계 만들고, 원하는 정보만 노출시키는데 빅데이터기업이 있으면 뭐하나",1
정부야! 정신좀 차리자!!규제만 외치는 우물안 개구리들~,1
악성 노조가 판을치는 나라에 문제점 있지만 그래도 기업을 성토하면 안된다,1
역시 검찰이다. 응원합니다^^,1
"삼성떠나면 이런판결하는 검사, 판사는 능지처참으로 다스려야 한다... 삥씨 ㄴ들",0
나라꼴이 큰일이다.,1
대체 연예인부모들은 다들 왜 저런지.자식장사해서 잘먹고 잘살면됐지. 얼마나 더벌고 싶어서 저러는지.,1
그 애미에 그 아들,0
문세윤 빼고는 역대최악의 캐스팅~~~ 벌써부터 개노잼...조만간 연기집중한다 떠나고 음악한다 떠나고 다 나가긋네오히려 그게 더 낫다.......딘딘 찡찡 ㅈㄴ 보기싫고,0
딘딘은 좀 별로 인듯 예능나올때마다 별 재밌는지 몰겠,1
강호동 이수근만 나와도 일단 그 시절 시청률 반은 먹고 들어갈듯 ㅋㅋㅋㅋㅋㅋㅋㅋㅋ,1
발치몽 김c 쌉극혐,0
정말 이제껏 보지 못한 개노잼 될듯,0
시즌1 멤버로 갑시다~~ 다시봐도봐도 잼 있는데.ㅠ,1
캐스팅 별로다 ㅠㅠ재미없겠다.,1
고마해라 지겹다,1
우.와. 진.짜. 재.미.없.겠.다....,1
아이오아이 부터~ 처음부터 싹 다 조작이라고 본다~ 그러니 기획사들이 몇백씩주고 접대하고 조작해주고 그랬겠지~ 한두번으로 그러겠어~,1
1위라는거 개구라 언플임. 터미네이터가 계속 1위인데 여기레기들 또 날조선동질 하고있는거임,0
녹취를 누가했을까? 이장석은 녹음기가 없을거고 장정석이 했나? 아니면 교도관이 녹취한걸 유포?,1
이장석 라인 없애도 ㅈ.ㄹ 안없애도 ㅈ.ㄹㅋㅋ 니들은 그냥 욕을 하고싶은거지? 기레기랑 똑같은 개티즌들,0
기레기들ㅋㅋㅋㅋㅋㅋㅋㅋㅋㅋㅋㅋㅋ진짜 요즘 보면 답도 없는듯 벨도 없고 줏대도 없는 쓰레기들,0
띠용 우리가 타팀 기사에 뭐라고 달고 다녔는디요,1
"카페의 만남 ㅅㅐ 끼야) 다른팀 팬이 분탕질하면 싹다 묶어서 어디어디 팀 팬들은 다 분탕러다, 당해도 싸다 ㅇ ㅈ.ㄹ 떨다가, 즈그팀 팬 한놈이 저러면 니네팀 팬코라고 지껄일거지?ㅋㅋㅋ 어디서 되도않는 사족을떨고있어",0
연습생들이랑 트레이너들은 무슨 죄냐 ㄷㄷ,1
우리 위조원 들이 지켸줄게!!! 걱정마,1
조작안했어도 뽑혔을 애들만 불쌍한거지... 어휴 괜히 뽑혀서 조작돌 소리나 듣고ㅠㅠㅠ,1
해체 ㄱ ㄱ,1
다른남자 같아서 설렜다는 말이 은근 웃기네요 ㅎㅎ저도 남편이 다른남자 같아보였으면...,1
난 성매매합법화찬성한다. 나라에서 관리해서 건강하고 깨끗하게 질병도 관리하며 양지에서 관리해야 변태업소들도 줄고 성범죄도 줄일 수 있다.,1
암컷들이 돈 쉽게 벌려고 야동찍고 노래방이다 오피다 성매매까지 하면서 이런건 얘기도 듣기 싫냐?,0
있는 집 여자들은 피부과 버프가 있어서 애를 낳던 나이를 먹던 점점 어려보이고 예뻐짐.유전유미 무전무미 랄까..,1
개소리하네,0
참 둘이 사이좋게 잘 사는것 같음 보기 좋아요~^^,1
아니 그래서 여자가 남자가 좋아서 덮쳐가지고 애가 생겼단 말이잖아. 에라이 여자가 조신하지 못하게... 여자가 저러면 안 되지.,1
꼴페미 영혼 보내기의 위력..ㄷㄷ,0
한번만 사귀어 주세요? 오피스텔 안마방에 있는 여자들은 한국여자들 아니고 뭐지 돈 궁하면 몸팔면서 한번만 사귀어주세요?,0
응~ 꼴페미들 돈 무서운줄 알았으면 꿇어~,0
카카오 = 다음 = 좌음 = 좌빨 = 민주당 = 노답,0
이게 왜 속보? 좌카오 극혐 ㅗ,0
"맘충,페미,전라도들또 무식한 개소리하는거 봐라이래서 달창들 수준은 ㅋ ㅋ ㅋ역대 정권중 경기,경제,외교 최악인거 같음",0
